Scenario;UserName;ModelName;Studyname;Attribute;Commodity;Process;Period;Region;Vintage;Userconstraint;Pv;Sow
"deterministic";"lucas";"KModel_04";"pilot_runs";"Cost_Flo";"ELC";"IMPELC-DKW";"2045";"REG1";"2045";"-";"52,4284269301196";"-"
"deterministic";"lucas";"KModel_04";"pilot_runs";"Cost_Flo";"ELC_PRIS";"EXPELC-DKW";"2045";"REG1";"2045";"-";"-178,089355273979";"-"
"deterministic";"lucas";"KModel_04";"pilot_runs";"Cost_Flo";"ELC";"IMPELC-DKW";"2040";"REG1";"2040";"-";"51,046497085037";"-"
"deterministic";"lucas";"KModel_04";"pilot_runs";"Cost_Flo";"ELC_PRIS";"EXPELC-DKW";"2040";"REG1";"2040";"-";"-184,181976545938";"-"
"deterministic";"lucas";"KModel_04";"pilot_runs";"Cost_Flo";"ELC";"IMPELC-DKW";"2035";"REG1";"2035";"-";"40,198832279136";"-"
"deterministic";"lucas";"KModel_04";"pilot_runs";"Cost_Flo";"ELC_PRIS";"EXPELC-DKW";"2035";"REG1";"2035";"-";"-157,470655735343";"-"
"deterministic";"lucas";"KModel_04";"pilot_runs";"Cost_Flo";"ELC";"IMPELC-DKW";"2030";"REG1";"2030";"-";"48,394134150213";"-"
"deterministic";"lucas";"KModel_04";"pilot_runs";"Cost_Flo";"ELC_PRIS";"EXPELC-DKW";"2030";"REG1";"2030";"-";"-132,505945666249";"-"
"deterministic";"lucas";"KModel_04";"pilot_runs";"Cost_Act";"-";"ELERNWINDOFF20";"2045";"REG1";"2045";"-";"0,0232591728545571";"-"
"deterministic";"lucas";"KModel_04";"pilot_runs";"Cost_Act";"-";"IMPELC-DKW";"2045";"REG1";"2045";"-";"3,16943331998656";"-"
"deterministic";"lucas";"KModel_04";"pilot_runs";"Cost_Act";"-";"IMPELC-DKW";"2040";"REG1";"2040";"-";"2,68638999232486";"-"
"deterministic";"lucas";"KModel_04";"pilot_runs";"Cost_Act";"-";"ELERNWINDOFF8";"2045";"REG1";"2035";"-";"2,37935829886667E-07";"-"
"deterministic";"lucas";"KModel_04";"pilot_runs";"Cost_Act";"-";"IMPELC-DKW";"2035";"REG1";"2035";"-";"2,18664635614402";"-"
"deterministic";"lucas";"KModel_04";"pilot_runs";"Cost_Act";"-";"ELERNWINDON";"2045";"REG1";"2030";"-";"2,60407369786103";"-"
"deterministic";"lucas";"KModel_04";"pilot_runs";"Cost_Act";"-";"ELERNWINDOFF8";"2045";"REG1";"2030";"-";"0,970935855408926";"-"
"deterministic";"lucas";"KModel_04";"pilot_runs";"Cost_Act";"-";"ELERNWINDON";"2040";"REG1";"2030";"-";"2,60401703448521";"-"
"deterministic";"lucas";"KModel_04";"pilot_runs";"Cost_Act";"-";"ELERNWINDOFF8";"2040";"REG1";"2030";"-";"0,831409708951798";"-"
"deterministic";"lucas";"KModel_04";"pilot_runs";"Cost_Act";"-";"ELERNWINDON";"2035";"REG1";"2030";"-";"2,60371196154042";"-"
"deterministic";"lucas";"KModel_04";"pilot_runs";"Cost_Act";"-";"ELERNWINDOFF8";"2035";"REG1";"2030";"-";"0,836572306000742";"-"
"deterministic";"lucas";"KModel_04";"pilot_runs";"Cost_Act";"-";"ELERNWINDON";"2030";"REG1";"2030";"-";"1,51601896903721";"-"
"deterministic";"lucas";"KModel_04";"pilot_runs";"Cost_Act";"-";"ELERNWINDOFF8";"2030";"REG1";"2030";"-";"0,239120436882187";"-"
"deterministic";"lucas";"KModel_04";"pilot_runs";"Cost_Act";"-";"IMPELC-DKW";"2030";"REG1";"2030";"-";"3,09534277040841";"-"
"deterministic";"lucas";"KModel_04";"pilot_runs";"Cost_Act";"-";"ELERNWINDOFF8";"2045";"REG1";"2025";"-";"2,00406390665524";"-"
"deterministic";"lucas";"KModel_04";"pilot_runs";"Cost_Act";"-";"ELERNWINDOFF20";"2045";"REG1";"2025";"-";"1,77716168285548";"-"
"deterministic";"lucas";"KModel_04";"pilot_runs";"Cost_Act";"-";"ELERNWINDOFF8";"2040";"REG1";"2025";"-";"2,1435902910482";"-"
"deterministic";"lucas";"KModel_04";"pilot_runs";"Cost_Act";"-";"ELERNWINDOFF20";"2040";"REG1";"2025";"-";"1,77716168285549";"-"
"deterministic";"lucas";"KModel_04";"pilot_runs";"Cost_Act";"-";"ELERNWINDOFF8";"2035";"REG1";"2025";"-";"2,13842769542285";"-"
"deterministic";"lucas";"KModel_04";"pilot_runs";"Cost_Act";"-";"ELERNWINDOFF20";"2035";"REG1";"2025";"-";"1,77716168285549";"-"
"deterministic";"lucas";"KModel_04";"pilot_runs";"Cost_Act";"-";"ELERNWINDOFF8";"2030";"REG1";"2025";"-";"2,73587953168147";"-"
"deterministic";"lucas";"KModel_04";"pilot_runs";"Cost_Act";"-";"ELERNWINDOFF20";"2030";"REG1";"2025";"-";"1,77716168285549";"-"
"deterministic";"lucas";"KModel_04";"pilot_runs";"Cost_Fom";"-";"ELERNWSUN01";"2045";"REG1";"2030";"-";"1,84979141354112";"-"
"deterministic";"lucas";"KModel_04";"pilot_runs";"Cost_Fom";"-";"ELERNWINDON";"2045";"REG1";"2030";"-";"6,1160419384394";"-"
"deterministic";"lucas";"KModel_04";"pilot_runs";"Cost_Fom";"-";"ELERNWINDOFF8";"2045";"REG1";"2030";"-";"4,1242031595543";"-"
"deterministic";"lucas";"KModel_04";"pilot_runs";"Cost_Fom";"-";"ELERNWSUN01";"2040";"REG1";"2030";"-";"1,84979141354112";"-"
"deterministic";"lucas";"KModel_04";"pilot_runs";"Cost_Fom";"-";"ELERNWINDON";"2040";"REG1";"2030";"-";"6,1160419384394";"-"
"deterministic";"lucas";"KModel_04";"pilot_runs";"Cost_Fom";"-";"ELERNWINDOFF8";"2040";"REG1";"2030";"-";"4,1242031595543";"-"
"deterministic";"lucas";"KModel_04";"pilot_runs";"Cost_Fom";"-";"ELERNWSUN01";"2035";"REG1";"2030";"-";"1,84979141354112";"-"
"deterministic";"lucas";"KModel_04";"pilot_runs";"Cost_Fom";"-";"ELERNWINDON";"2035";"REG1";"2030";"-";"6,1160419384394";"-"
"deterministic";"lucas";"KModel_04";"pilot_runs";"Cost_Fom";"-";"ELERNWINDOFF8";"2035";"REG1";"2030";"-";"4,1242031595543";"-"
"deterministic";"lucas";"KModel_04";"pilot_runs";"Cost_Fom";"-";"ELERNWSUN01";"2030";"REG1";"2030";"-";"1,84979141354112";"-"
"deterministic";"lucas";"KModel_04";"pilot_runs";"Cost_Fom";"-";"ELERNWINDON";"2030";"REG1";"2030";"-";"6,1160419384394";"-"
"deterministic";"lucas";"KModel_04";"pilot_runs";"Cost_Fom";"-";"ELERNWINDOFF8";"2045";"REG1";"2025";"-";"8,7932277124415";"-"
"deterministic";"lucas";"KModel_04";"pilot_runs";"Cost_Fom";"-";"ELERNWINDOFF20";"2045";"REG1";"2025";"-";"5,2746000749609";"-"
"deterministic";"lucas";"KModel_04";"pilot_runs";"Cost_Fom";"-";"ELERNWINDOFF8";"2040";"REG1";"2025";"-";"8,7932277124415";"-"
"deterministic";"lucas";"KModel_04";"pilot_runs";"Cost_Fom";"-";"ELERNWINDOFF20";"2040";"REG1";"2025";"-";"5,2746000749609";"-"
"deterministic";"lucas";"KModel_04";"pilot_runs";"Cost_Fom";"-";"ELERNWINDOFF8";"2035";"REG1";"2025";"-";"8,7932277124415";"-"
"deterministic";"lucas";"KModel_04";"pilot_runs";"Cost_Fom";"-";"ELERNWINDOFF20";"2035";"REG1";"2025";"-";"5,2746000749609";"-"
"deterministic";"lucas";"KModel_04";"pilot_runs";"Cost_Fom";"-";"ELERNWINDOFF8";"2030";"REG1";"2025";"-";"8,7932277124415";"-"
"deterministic";"lucas";"KModel_04";"pilot_runs";"Cost_Fom";"-";"ELERNWINDOFF20";"2030";"REG1";"2025";"-";"5,2746000749609";"-"
"deterministic";"lucas";"KModel_04";"pilot_runs";"Cost_Salv";"-";"ELERNWINDOFF20";"-";"REG1";"2045";"-";"5,82645706902223";"-"
"deterministic";"lucas";"KModel_04";"pilot_runs";"Cost_Salv";"-";"ELERNWSUN01";"-";"REG1";"2030";"-";"56,6197163772262";"-"
"deterministic";"lucas";"KModel_04";"pilot_runs";"Cost_Salv";"-";"ELERNWINDON";"-";"REG1";"2030";"-";"62,83270801132";"-"
"deterministic";"lucas";"KModel_04";"pilot_runs";"Cost_Salv";"-";"ELERNWINDOFF8";"-";"REG1";"2030";"-";"36,6761345657533";"-"
"deterministic";"lucas";"KModel_04";"pilot_runs";"Cost_Salv";"-";"ELERNWINDOFF8";"-";"REG1";"2025";"-";"53,4423021453796";"-"
"deterministic";"lucas";"KModel_04";"pilot_runs";"Cost_Salv";"-";"ELERNWINDOFF20";"-";"REG1";"2025";"-";"32,0572581673579";"-"
"deterministic";"lucas";"KModel_04";"pilot_runs";"Cost_Inv";"-";"ELERNWSUN01";"2045";"REG1";"2030";"INV";"12,8124855264093";"-"
"deterministic";"lucas";"KModel_04";"pilot_runs";"Cost_Inv";"-";"ELERNWINDON";"2045";"REG1";"2030";"INV";"13,2165646487106";"-"
"deterministic";"lucas";"KModel_04";"pilot_runs";"Cost_Inv";"-";"ELERNWINDOFF8";"2045";"REG1";"2030";"INV";"6,79808639261533";"-"
"deterministic";"lucas";"KModel_04";"pilot_runs";"Cost_Inv";"-";"ELERNWSUN01";"2040";"REG1";"2030";"INV";"12,8124855264093";"-"
"deterministic";"lucas";"KModel_04";"pilot_runs";"Cost_Inv";"-";"ELERNWINDON";"2040";"REG1";"2030";"INV";"13,2165646487106";"-"
"deterministic";"lucas";"KModel_04";"pilot_runs";"Cost_Inv";"-";"ELERNWINDOFF8";"2040";"REG1";"2030";"INV";"6,79808639261533";"-"
"deterministic";"lucas";"KModel_04";"pilot_runs";"Cost_Inv";"-";"ELERNWSUN01";"2035";"REG1";"2030";"INV";"12,8124855264093";"-"
"deterministic";"lucas";"KModel_04";"pilot_runs";"Cost_Inv";"-";"ELERNWINDON";"2035";"REG1";"2030";"INV";"13,2165646487106";"-"
"deterministic";"lucas";"KModel_04";"pilot_runs";"Cost_Inv";"-";"ELERNWINDOFF8";"2035";"REG1";"2030";"INV";"6,79808639261533";"-"
"deterministic";"lucas";"KModel_04";"pilot_runs";"Cost_Inv";"-";"ELERNWSUN01";"2030";"REG1";"2030";"INV";"12,8124855264093";"-"
"deterministic";"lucas";"KModel_04";"pilot_runs";"Cost_Inv";"-";"ELERNWINDON";"2030";"REG1";"2030";"INV";"13,2165646487106";"-"
"deterministic";"lucas";"KModel_04";"pilot_runs";"Cost_Inv";"-";"ELERNWINDOFF8";"2045";"REG1";"2025";"INV";"14,3712750315472";"-"
"deterministic";"lucas";"KModel_04";"pilot_runs";"Cost_Inv";"-";"ELERNWINDOFF20";"2045";"REG1";"2025";"INV";"8,62058061471894";"-"
"deterministic";"lucas";"KModel_04";"pilot_runs";"Cost_Inv";"-";"ELERNWINDOFF8";"2040";"REG1";"2025";"INV";"14,3712750315472";"-"
"deterministic";"lucas";"KModel_04";"pilot_runs";"Cost_Inv";"-";"ELERNWINDOFF20";"2040";"REG1";"2025";"INV";"8,62058061471894";"-"
"deterministic";"lucas";"KModel_04";"pilot_runs";"Cost_Inv";"-";"ELERNWINDOFF8";"2035";"REG1";"2025";"INV";"14,3712750315472";"-"
"deterministic";"lucas";"KModel_04";"pilot_runs";"Cost_Inv";"-";"ELERNWINDOFF20";"2035";"REG1";"2025";"INV";"8,62058061471894";"-"
"deterministic";"lucas";"KModel_04";"pilot_runs";"Cost_Inv";"-";"ELERNWINDOFF8";"2030";"REG1";"2025";"INV";"14,3712750315472";"-"
"deterministic";"lucas";"KModel_04";"pilot_runs";"Cost_Inv";"-";"ELERNWINDOFF20";"2030";"REG1";"2025";"INV";"8,62058061471894";"-"
"timeseries_stoch_spines";"lucas";"KModel_04";"pilot_runs";"Cost_Inv";"-";"ELERNWSUN01";"2045";"REG1";"2030";"INV";"16,7597675582109";"3"
"timeseries_stoch_spines";"lucas";"KModel_04";"pilot_runs";"Cost_Inv";"-";"ELERNWSUN01";"2040";"REG1";"2030";"INV";"16,7597675582109";"3"
"timeseries_stoch_spines";"lucas";"KModel_04";"pilot_runs";"Cost_Inv";"-";"ELERNWSUN01";"2035";"REG1";"2030";"INV";"16,7597675582109";"3"
"timeseries_stoch_spines";"lucas";"KModel_04";"pilot_runs";"Cost_Inv";"-";"ELERNWSUN01";"2030";"REG1";"2030";"INV";"16,7597675582109";"3"
"timeseries_stoch_spines";"lucas";"KModel_04";"pilot_runs";"Cost_Inv";"-";"ELERNWSUN01";"2045";"REG1";"2030";"INV";"16,7597675582109";"2"
"timeseries_stoch_spines";"lucas";"KModel_04";"pilot_runs";"Cost_Inv";"-";"ELERNWSUN01";"2040";"REG1";"2030";"INV";"16,7597675582109";"2"
"timeseries_stoch_spines";"lucas";"KModel_04";"pilot_runs";"Cost_Inv";"-";"ELERNWSUN01";"2035";"REG1";"2030";"INV";"16,7597675582109";"2"
"timeseries_stoch_spines";"lucas";"KModel_04";"pilot_runs";"Cost_Inv";"-";"ELERNWSUN01";"2030";"REG1";"2030";"INV";"16,7597675582109";"2"
"timeseries_stoch_spines";"lucas";"KModel_04";"pilot_runs";"Cost_Inv";"-";"ELERNWSUN01";"2045";"REG1";"2030";"INV";"16,7597675582109";"1"
"timeseries_stoch_spines";"lucas";"KModel_04";"pilot_runs";"Cost_Inv";"-";"ELERNWSUN01";"2040";"REG1";"2030";"INV";"16,7597675582109";"1"
"timeseries_stoch_spines";"lucas";"KModel_04";"pilot_runs";"Cost_Inv";"-";"ELERNWSUN01";"2035";"REG1";"2030";"INV";"16,7597675582109";"1"
"timeseries_stoch_spines";"lucas";"KModel_04";"pilot_runs";"Cost_Inv";"-";"ELERNWSUN01";"2030";"REG1";"2030";"INV";"16,7597675582109";"1"
"timeseries_stoch_spines";"lucas";"KModel_04";"pilot_runs";"Cost_Inv";"-";"ELERNWINDON";"2045";"REG1";"2030";"INV";"12,040204750915";"3"
"timeseries_stoch_spines";"lucas";"KModel_04";"pilot_runs";"Cost_Inv";"-";"ELERNWINDON";"2040";"REG1";"2030";"INV";"12,040204750915";"3"
"timeseries_stoch_spines";"lucas";"KModel_04";"pilot_runs";"Cost_Inv";"-";"ELERNWINDON";"2035";"REG1";"2030";"INV";"12,040204750915";"3"
"timeseries_stoch_spines";"lucas";"KModel_04";"pilot_runs";"Cost_Inv";"-";"ELERNWINDON";"2030";"REG1";"2030";"INV";"12,040204750915";"3"
"timeseries_stoch_spines";"lucas";"KModel_04";"pilot_runs";"Cost_Inv";"-";"ELERNWINDON";"2045";"REG1";"2030";"INV";"12,040204750915";"2"
"timeseries_stoch_spines";"lucas";"KModel_04";"pilot_runs";"Cost_Inv";"-";"ELERNWINDON";"2040";"REG1";"2030";"INV";"12,040204750915";"2"
"timeseries_stoch_spines";"lucas";"KModel_04";"pilot_runs";"Cost_Inv";"-";"ELERNWINDON";"2035";"REG1";"2030";"INV";"12,040204750915";"2"
"timeseries_stoch_spines";"lucas";"KModel_04";"pilot_runs";"Cost_Inv";"-";"ELERNWINDON";"2030";"REG1";"2030";"INV";"12,040204750915";"2"
"timeseries_stoch_spines";"lucas";"KModel_04";"pilot_runs";"Cost_Inv";"-";"ELERNWINDON";"2045";"REG1";"2030";"INV";"12,040204750915";"1"
"timeseries_stoch_spines";"lucas";"KModel_04";"pilot_runs";"Cost_Inv";"-";"ELERNWINDON";"2040";"REG1";"2030";"INV";"12,040204750915";"1"
"timeseries_stoch_spines";"lucas";"KModel_04";"pilot_runs";"Cost_Inv";"-";"ELERNWINDON";"2035";"REG1";"2030";"INV";"12,040204750915";"1"
"timeseries_stoch_spines";"lucas";"KModel_04";"pilot_runs";"Cost_Inv";"-";"ELERNWINDON";"2030";"REG1";"2030";"INV";"12,040204750915";"1"
"timeseries_stoch_spines";"lucas";"KModel_04";"pilot_runs";"Cost_Inv";"-";"ELERNWINDOFF8";"2045";"REG1";"2030";"INV";"4,75554740667982";"3"
"timeseries_stoch_spines";"lucas";"KModel_04";"pilot_runs";"Cost_Inv";"-";"ELERNWINDOFF8";"2040";"REG1";"2030";"INV";"4,75554740667982";"3"
"timeseries_stoch_spines";"lucas";"KModel_04";"pilot_runs";"Cost_Inv";"-";"ELERNWINDOFF8";"2035";"REG1";"2030";"INV";"4,75554740667982";"3"
"timeseries_stoch_spines";"lucas";"KModel_04";"pilot_runs";"Cost_Inv";"-";"ELERNWINDOFF8";"2045";"REG1";"2025";"INV";"15,8487977763879";"3"
"timeseries_stoch_spines";"lucas";"KModel_04";"pilot_runs";"Cost_Inv";"-";"ELERNWINDOFF8";"2040";"REG1";"2025";"INV";"15,8487977763879";"3"
"timeseries_stoch_spines";"lucas";"KModel_04";"pilot_runs";"Cost_Inv";"-";"ELERNWINDOFF8";"2035";"REG1";"2025";"INV";"15,8487977763879";"3"
"timeseries_stoch_spines";"lucas";"KModel_04";"pilot_runs";"Cost_Inv";"-";"ELERNWINDOFF8";"2030";"REG1";"2025";"INV";"15,8487977763879";"3"
"timeseries_stoch_spines";"lucas";"KModel_04";"pilot_runs";"Cost_Inv";"-";"ELERNWINDOFF8";"2045";"REG1";"2030";"INV";"4,75554740667982";"2"
"timeseries_stoch_spines";"lucas";"KModel_04";"pilot_runs";"Cost_Inv";"-";"ELERNWINDOFF8";"2040";"REG1";"2030";"INV";"4,75554740667982";"2"
"timeseries_stoch_spines";"lucas";"KModel_04";"pilot_runs";"Cost_Inv";"-";"ELERNWINDOFF8";"2035";"REG1";"2030";"INV";"4,75554740667982";"2"
"timeseries_stoch_spines";"lucas";"KModel_04";"pilot_runs";"Cost_Inv";"-";"ELERNWINDOFF8";"2045";"REG1";"2025";"INV";"15,8487977763879";"2"
"timeseries_stoch_spines";"lucas";"KModel_04";"pilot_runs";"Cost_Inv";"-";"ELERNWINDOFF8";"2040";"REG1";"2025";"INV";"15,8487977763879";"2"
"timeseries_stoch_spines";"lucas";"KModel_04";"pilot_runs";"Cost_Inv";"-";"ELERNWINDOFF8";"2035";"REG1";"2025";"INV";"15,8487977763879";"2"
"timeseries_stoch_spines";"lucas";"KModel_04";"pilot_runs";"Cost_Inv";"-";"ELERNWINDOFF8";"2030";"REG1";"2025";"INV";"15,8487977763879";"2"
"timeseries_stoch_spines";"lucas";"KModel_04";"pilot_runs";"Cost_Inv";"-";"ELERNWINDOFF8";"2045";"REG1";"2030";"INV";"4,75554740667982";"1"
"timeseries_stoch_spines";"lucas";"KModel_04";"pilot_runs";"Cost_Inv";"-";"ELERNWINDOFF8";"2040";"REG1";"2030";"INV";"4,75554740667982";"1"
"timeseries_stoch_spines";"lucas";"KModel_04";"pilot_runs";"Cost_Inv";"-";"ELERNWINDOFF8";"2035";"REG1";"2030";"INV";"4,75554740667982";"1"
"timeseries_stoch_spines";"lucas";"KModel_04";"pilot_runs";"Cost_Inv";"-";"ELERNWINDOFF8";"2045";"REG1";"2025";"INV";"15,8487977763879";"1"
"timeseries_stoch_spines";"lucas";"KModel_04";"pilot_runs";"Cost_Inv";"-";"ELERNWINDOFF8";"2040";"REG1";"2025";"INV";"15,8487977763879";"1"
"timeseries_stoch_spines";"lucas";"KModel_04";"pilot_runs";"Cost_Inv";"-";"ELERNWINDOFF8";"2035";"REG1";"2025";"INV";"15,8487977763879";"1"
"timeseries_stoch_spines";"lucas";"KModel_04";"pilot_runs";"Cost_Inv";"-";"ELERNWINDOFF8";"2030";"REG1";"2025";"INV";"15,8487977763879";"1"
"timeseries_stoch_spines";"lucas";"KModel_04";"pilot_runs";"Cost_Fom";"-";"ELERNWSUN01";"2045";"REG1";"2030";"-";"2,2046902084259";"3"
"timeseries_stoch_spines";"lucas";"KModel_04";"pilot_runs";"Cost_Fom";"-";"ELERNWSUN01";"2040";"REG1";"2030";"-";"2,2046902084259";"3"
"timeseries_stoch_spines";"lucas";"KModel_04";"pilot_runs";"Cost_Fom";"-";"ELERNWSUN01";"2035";"REG1";"2030";"-";"2,2046902084259";"3"
"timeseries_stoch_spines";"lucas";"KModel_04";"pilot_runs";"Cost_Fom";"-";"ELERNWSUN01";"2030";"REG1";"2030";"-";"2,2046902084259";"3"
"timeseries_stoch_spines";"lucas";"KModel_04";"pilot_runs";"Cost_Fom";"-";"ELERNWSUN01";"2045";"REG1";"2030";"-";"2,2046902084259";"2"
"timeseries_stoch_spines";"lucas";"KModel_04";"pilot_runs";"Cost_Fom";"-";"ELERNWSUN01";"2040";"REG1";"2030";"-";"2,2046902084259";"2"
"timeseries_stoch_spines";"lucas";"KModel_04";"pilot_runs";"Cost_Fom";"-";"ELERNWSUN01";"2035";"REG1";"2030";"-";"2,2046902084259";"2"
"timeseries_stoch_spines";"lucas";"KModel_04";"pilot_runs";"Cost_Fom";"-";"ELERNWSUN01";"2030";"REG1";"2030";"-";"2,2046902084259";"2"
"timeseries_stoch_spines";"lucas";"KModel_04";"pilot_runs";"Cost_Fom";"-";"ELERNWSUN01";"2045";"REG1";"2030";"-";"2,2046902084259";"1"
"timeseries_stoch_spines";"lucas";"KModel_04";"pilot_runs";"Cost_Fom";"-";"ELERNWSUN01";"2040";"REG1";"2030";"-";"2,2046902084259";"1"
"timeseries_stoch_spines";"lucas";"KModel_04";"pilot_runs";"Cost_Fom";"-";"ELERNWSUN01";"2035";"REG1";"2030";"-";"2,2046902084259";"1"
"timeseries_stoch_spines";"lucas";"KModel_04";"pilot_runs";"Cost_Fom";"-";"ELERNWSUN01";"2030";"REG1";"2030";"-";"2,2046902084259";"1"
"timeseries_stoch_spines";"lucas";"KModel_04";"pilot_runs";"Cost_Fom";"-";"ELERNWINDON";"2045";"REG1";"2030";"-";"4,65011481883581";"3"
"timeseries_stoch_spines";"lucas";"KModel_04";"pilot_runs";"Cost_Fom";"-";"ELERNWINDON";"2040";"REG1";"2030";"-";"4,65011481883581";"3"
"timeseries_stoch_spines";"lucas";"KModel_04";"pilot_runs";"Cost_Fom";"-";"ELERNWINDON";"2035";"REG1";"2030";"-";"4,65011481883581";"3"
"timeseries_stoch_spines";"lucas";"KModel_04";"pilot_runs";"Cost_Fom";"-";"ELERNWINDON";"2030";"REG1";"2030";"-";"4,65011481883581";"3"
"timeseries_stoch_spines";"lucas";"KModel_04";"pilot_runs";"Cost_Fom";"-";"ELERNWINDON";"2045";"REG1";"2030";"-";"4,65011481883581";"2"
"timeseries_stoch_spines";"lucas";"KModel_04";"pilot_runs";"Cost_Fom";"-";"ELERNWINDON";"2040";"REG1";"2030";"-";"4,65011481883581";"2"
"timeseries_stoch_spines";"lucas";"KModel_04";"pilot_runs";"Cost_Fom";"-";"ELERNWINDON";"2035";"REG1";"2030";"-";"4,65011481883581";"2"
"timeseries_stoch_spines";"lucas";"KModel_04";"pilot_runs";"Cost_Fom";"-";"ELERNWINDON";"2030";"REG1";"2030";"-";"4,65011481883581";"2"
"timeseries_stoch_spines";"lucas";"KModel_04";"pilot_runs";"Cost_Fom";"-";"ELERNWINDON";"2045";"REG1";"2030";"-";"4,65011481883581";"1"
"timeseries_stoch_spines";"lucas";"KModel_04";"pilot_runs";"Cost_Fom";"-";"ELERNWINDON";"2040";"REG1";"2030";"-";"4,65011481883581";"1"
"timeseries_stoch_spines";"lucas";"KModel_04";"pilot_runs";"Cost_Fom";"-";"ELERNWINDON";"2035";"REG1";"2030";"-";"4,65011481883581";"1"
"timeseries_stoch_spines";"lucas";"KModel_04";"pilot_runs";"Cost_Fom";"-";"ELERNWINDON";"2030";"REG1";"2030";"-";"4,65011481883581";"1"
"timeseries_stoch_spines";"lucas";"KModel_04";"pilot_runs";"Cost_Fom";"-";"ELERNWINDOFF8";"2045";"REG1";"2030";"-";"2,67358905645989";"3"
"timeseries_stoch_spines";"lucas";"KModel_04";"pilot_runs";"Cost_Fom";"-";"ELERNWINDOFF8";"2040";"REG1";"2030";"-";"2,67358905645989";"3"
"timeseries_stoch_spines";"lucas";"KModel_04";"pilot_runs";"Cost_Fom";"-";"ELERNWINDOFF8";"2035";"REG1";"2030";"-";"2,67358905645989";"3"
"timeseries_stoch_spines";"lucas";"KModel_04";"pilot_runs";"Cost_Fom";"-";"ELERNWINDOFF8";"2045";"REG1";"2025";"-";"8,91026177837648";"3"
"timeseries_stoch_spines";"lucas";"KModel_04";"pilot_runs";"Cost_Fom";"-";"ELERNWINDOFF8";"2040";"REG1";"2025";"-";"8,91026177837648";"3"
"timeseries_stoch_spines";"lucas";"KModel_04";"pilot_runs";"Cost_Fom";"-";"ELERNWINDOFF8";"2035";"REG1";"2025";"-";"8,91026177837648";"3"
"timeseries_stoch_spines";"lucas";"KModel_04";"pilot_runs";"Cost_Fom";"-";"ELERNWINDOFF8";"2030";"REG1";"2025";"-";"8,91026177837648";"3"
"timeseries_stoch_spines";"lucas";"KModel_04";"pilot_runs";"Cost_Fom";"-";"ELERNWINDOFF8";"2045";"REG1";"2030";"-";"2,67358905645989";"2"
"timeseries_stoch_spines";"lucas";"KModel_04";"pilot_runs";"Cost_Fom";"-";"ELERNWINDOFF8";"2040";"REG1";"2030";"-";"2,67358905645989";"2"
"timeseries_stoch_spines";"lucas";"KModel_04";"pilot_runs";"Cost_Fom";"-";"ELERNWINDOFF8";"2035";"REG1";"2030";"-";"2,67358905645989";"2"
"timeseries_stoch_spines";"lucas";"KModel_04";"pilot_runs";"Cost_Fom";"-";"ELERNWINDOFF8";"2045";"REG1";"2025";"-";"8,91026177837648";"2"
"timeseries_stoch_spines";"lucas";"KModel_04";"pilot_runs";"Cost_Fom";"-";"ELERNWINDOFF8";"2040";"REG1";"2025";"-";"8,91026177837648";"2"
"timeseries_stoch_spines";"lucas";"KModel_04";"pilot_runs";"Cost_Fom";"-";"ELERNWINDOFF8";"2035";"REG1";"2025";"-";"8,91026177837648";"2"
"timeseries_stoch_spines";"lucas";"KModel_04";"pilot_runs";"Cost_Fom";"-";"ELERNWINDOFF8";"2030";"REG1";"2025";"-";"8,91026177837648";"2"
"timeseries_stoch_spines";"lucas";"KModel_04";"pilot_runs";"Cost_Fom";"-";"ELERNWINDOFF8";"2045";"REG1";"2030";"-";"2,67358905645989";"1"
"timeseries_stoch_spines";"lucas";"KModel_04";"pilot_runs";"Cost_Fom";"-";"ELERNWINDOFF8";"2040";"REG1";"2030";"-";"2,67358905645989";"1"
"timeseries_stoch_spines";"lucas";"KModel_04";"pilot_runs";"Cost_Fom";"-";"ELERNWINDOFF8";"2035";"REG1";"2030";"-";"2,67358905645989";"1"
"timeseries_stoch_spines";"lucas";"KModel_04";"pilot_runs";"Cost_Fom";"-";"ELERNWINDOFF8";"2045";"REG1";"2025";"-";"8,91026177837648";"1"
"timeseries_stoch_spines";"lucas";"KModel_04";"pilot_runs";"Cost_Fom";"-";"ELERNWINDOFF8";"2040";"REG1";"2025";"-";"8,91026177837648";"1"
"timeseries_stoch_spines";"lucas";"KModel_04";"pilot_runs";"Cost_Fom";"-";"ELERNWINDOFF8";"2035";"REG1";"2025";"-";"8,91026177837648";"1"
"timeseries_stoch_spines";"lucas";"KModel_04";"pilot_runs";"Cost_Fom";"-";"ELERNWINDOFF8";"2030";"REG1";"2025";"-";"8,91026177837648";"1"
"timeseries_stoch_spines";"lucas";"KModel_04";"pilot_runs";"Cost_Flo";"ELC";"IMPELC-DKW";"2045";"REG1";"2045";"-";"63,7328148349741";"3"
"timeseries_stoch_spines";"lucas";"KModel_04";"pilot_runs";"Cost_Flo";"ELC";"IMPELC-DKW";"2040";"REG1";"2040";"-";"68,9118442868154";"3"
"timeseries_stoch_spines";"lucas";"KModel_04";"pilot_runs";"Cost_Flo";"ELC";"IMPELC-DKW";"2035";"REG1";"2035";"-";"61,9165469577961";"3"
"timeseries_stoch_spines";"lucas";"KModel_04";"pilot_runs";"Cost_Flo";"ELC";"IMPELC-DKW";"2030";"REG1";"2030";"-";"66,4845173777461";"3"
"timeseries_stoch_spines";"lucas";"KModel_04";"pilot_runs";"Cost_Flo";"ELC";"IMPELC-DKW";"2045";"REG1";"2045";"-";"101,325966469475";"2"
"timeseries_stoch_spines";"lucas";"KModel_04";"pilot_runs";"Cost_Flo";"ELC";"IMPELC-DKW";"2040";"REG1";"2040";"-";"105,900179200353";"2"
"timeseries_stoch_spines";"lucas";"KModel_04";"pilot_runs";"Cost_Flo";"ELC";"IMPELC-DKW";"2035";"REG1";"2035";"-";"80,697320366273";"2"
"timeseries_stoch_spines";"lucas";"KModel_04";"pilot_runs";"Cost_Flo";"ELC";"IMPELC-DKW";"2030";"REG1";"2030";"-";"70,5817141625744";"2"
"timeseries_stoch_spines";"lucas";"KModel_04";"pilot_runs";"Cost_Flo";"ELC";"IMPELC-DKW";"2045";"REG1";"2045";"-";"63,9948974697175";"1"
"timeseries_stoch_spines";"lucas";"KModel_04";"pilot_runs";"Cost_Flo";"ELC";"IMPELC-DKW";"2040";"REG1";"2040";"-";"69,0319973599172";"1"
"timeseries_stoch_spines";"lucas";"KModel_04";"pilot_runs";"Cost_Flo";"ELC";"IMPELC-DKW";"2035";"REG1";"2035";"-";"72,7293429139373";"1"
"timeseries_stoch_spines";"lucas";"KModel_04";"pilot_runs";"Cost_Flo";"ELC";"IMPELC-DKW";"2030";"REG1";"2030";"-";"84,8593269069757";"1"
"timeseries_stoch_spines";"lucas";"KModel_04";"pilot_runs";"Cost_Flo";"ELC_PRIS";"EXPELC-DKW";"2045";"REG1";"2045";"-";"-178,089355273979";"3"
"timeseries_stoch_spines";"lucas";"KModel_04";"pilot_runs";"Cost_Flo";"ELC_PRIS";"EXPELC-DKW";"2040";"REG1";"2040";"-";"-184,181976545938";"3"
"timeseries_stoch_spines";"lucas";"KModel_04";"pilot_runs";"Cost_Flo";"ELC_PRIS";"EXPELC-DKW";"2035";"REG1";"2035";"-";"-157,470655735343";"3"
"timeseries_stoch_spines";"lucas";"KModel_04";"pilot_runs";"Cost_Flo";"ELC_PRIS";"EXPELC-DKW";"2030";"REG1";"2030";"-";"-132,505945666249";"3"
"timeseries_stoch_spines";"lucas";"KModel_04";"pilot_runs";"Cost_Flo";"ELC_PRIS";"EXPELC-DKW";"2045";"REG1";"2045";"-";"-178,089355273979";"2"
"timeseries_stoch_spines";"lucas";"KModel_04";"pilot_runs";"Cost_Flo";"ELC_PRIS";"EXPELC-DKW";"2040";"REG1";"2040";"-";"-184,181976545938";"2"
"timeseries_stoch_spines";"lucas";"KModel_04";"pilot_runs";"Cost_Flo";"ELC_PRIS";"EXPELC-DKW";"2035";"REG1";"2035";"-";"-157,470655735343";"2"
"timeseries_stoch_spines";"lucas";"KModel_04";"pilot_runs";"Cost_Flo";"ELC_PRIS";"EXPELC-DKW";"2030";"REG1";"2030";"-";"-132,505945666249";"2"
"timeseries_stoch_spines";"lucas";"KModel_04";"pilot_runs";"Cost_Flo";"ELC_PRIS";"EXPELC-DKW";"2045";"REG1";"2045";"-";"-178,089355273979";"1"
"timeseries_stoch_spines";"lucas";"KModel_04";"pilot_runs";"Cost_Flo";"ELC_PRIS";"EXPELC-DKW";"2040";"REG1";"2040";"-";"-184,181976545938";"1"
"timeseries_stoch_spines";"lucas";"KModel_04";"pilot_runs";"Cost_Flo";"ELC_PRIS";"EXPELC-DKW";"2035";"REG1";"2035";"-";"-157,470655735343";"1"
"timeseries_stoch_spines";"lucas";"KModel_04";"pilot_runs";"Cost_Flo";"ELC_PRIS";"EXPELC-DKW";"2030";"REG1";"2030";"-";"-132,505945666249";"1"
"timeseries_stoch_spines";"lucas";"KModel_04";"pilot_runs";"Cost_Act";"-";"IMPELC-DKW";"2045";"REG1";"2045";"-";"4,2688005793435";"3"
"timeseries_stoch_spines";"lucas";"KModel_04";"pilot_runs";"Cost_Act";"-";"IMPELC-DKW";"2040";"REG1";"2040";"-";"3,9722323159907";"3"
"timeseries_stoch_spines";"lucas";"KModel_04";"pilot_runs";"Cost_Act";"-";"IMPELC-DKW";"2035";"REG1";"2035";"-";"3,58194619909524";"3"
"timeseries_stoch_spines";"lucas";"KModel_04";"pilot_runs";"Cost_Act";"-";"IMPELC-DKW";"2030";"REG1";"2030";"-";"4,33987648018912";"3"
"timeseries_stoch_spines";"lucas";"KModel_04";"pilot_runs";"Cost_Act";"-";"IMPELC-DKW";"2045";"REG1";"2045";"-";"4,74868942669531";"2"
"timeseries_stoch_spines";"lucas";"KModel_04";"pilot_runs";"Cost_Act";"-";"IMPELC-DKW";"2040";"REG1";"2040";"-";"4,2625752469417";"2"
"timeseries_stoch_spines";"lucas";"KModel_04";"pilot_runs";"Cost_Act";"-";"IMPELC-DKW";"2035";"REG1";"2035";"-";"3,63209895034132";"2"
"timeseries_stoch_spines";"lucas";"KModel_04";"pilot_runs";"Cost_Act";"-";"IMPELC-DKW";"2030";"REG1";"2030";"-";"4,44258021950263";"2"
"timeseries_stoch_spines";"lucas";"KModel_04";"pilot_runs";"Cost_Act";"-";"IMPELC-DKW";"2045";"REG1";"2045";"-";"3,98734569981448";"1"
"timeseries_stoch_spines";"lucas";"KModel_04";"pilot_runs";"Cost_Act";"-";"IMPELC-DKW";"2040";"REG1";"2040";"-";"3,7709385397439";"1"
"timeseries_stoch_spines";"lucas";"KModel_04";"pilot_runs";"Cost_Act";"-";"IMPELC-DKW";"2035";"REG1";"2035";"-";"3,40031732916919";"1"
"timeseries_stoch_spines";"lucas";"KModel_04";"pilot_runs";"Cost_Act";"-";"IMPELC-DKW";"2030";"REG1";"2030";"-";"4,25110685916599";"1"
"timeseries_stoch_spines";"lucas";"KModel_04";"pilot_runs";"Cost_Act";"-";"ELERNWINDON";"2045";"REG1";"2030";"-";"2,32063685492631";"3"
"timeseries_stoch_spines";"lucas";"KModel_04";"pilot_runs";"Cost_Act";"-";"ELERNWINDON";"2040";"REG1";"2030";"-";"2,07855308831612";"3"
"timeseries_stoch_spines";"lucas";"KModel_04";"pilot_runs";"Cost_Act";"-";"ELERNWINDON";"2035";"REG1";"2030";"-";"1,94799347573013";"3"
"timeseries_stoch_spines";"lucas";"KModel_04";"pilot_runs";"Cost_Act";"-";"ELERNWINDON";"2030";"REG1";"2030";"-";"1,15265106820153";"3"
"timeseries_stoch_spines";"lucas";"KModel_04";"pilot_runs";"Cost_Act";"-";"ELERNWINDON";"2045";"REG1";"2030";"-";"1,74956912657762";"2"
"timeseries_stoch_spines";"lucas";"KModel_04";"pilot_runs";"Cost_Act";"-";"ELERNWINDON";"2040";"REG1";"2030";"-";"1,73304500048443";"2"
"timeseries_stoch_spines";"lucas";"KModel_04";"pilot_runs";"Cost_Act";"-";"ELERNWINDON";"2035";"REG1";"2030";"-";"1,88831192689607";"2"
"timeseries_stoch_spines";"lucas";"KModel_04";"pilot_runs";"Cost_Act";"-";"ELERNWINDON";"2030";"REG1";"2030";"-";"1,26575767448584";"2"
"timeseries_stoch_spines";"lucas";"KModel_04";"pilot_runs";"Cost_Act";"-";"ELERNWINDON";"2045";"REG1";"2030";"-";"2,65556816156586";"1"
"timeseries_stoch_spines";"lucas";"KModel_04";"pilot_runs";"Cost_Act";"-";"ELERNWINDON";"2040";"REG1";"2030";"-";"2,3180932092655";"1"
"timeseries_stoch_spines";"lucas";"KModel_04";"pilot_runs";"Cost_Act";"-";"ELERNWINDON";"2035";"REG1";"2030";"-";"2,16413192263373";"1"
"timeseries_stoch_spines";"lucas";"KModel_04";"pilot_runs";"Cost_Act";"-";"ELERNWINDON";"2030";"REG1";"2030";"-";"1,26972429148371";"1"
"timeseries_stoch_spines";"lucas";"KModel_04";"pilot_runs";"Cost_Act";"-";"ELERNWINDOFF8";"2045";"REG1";"2030";"-";"0,519077548842642";"3"
"timeseries_stoch_spines";"lucas";"KModel_04";"pilot_runs";"Cost_Act";"-";"ELERNWINDOFF8";"2040";"REG1";"2030";"-";"0,587424364619361";"3"
"timeseries_stoch_spines";"lucas";"KModel_04";"pilot_runs";"Cost_Act";"-";"ELERNWINDOFF8";"2035";"REG1";"2030";"-";"0,624989199118673";"3"
"timeseries_stoch_spines";"lucas";"KModel_04";"pilot_runs";"Cost_Act";"-";"ELERNWINDOFF8";"2030";"REG1";"2030";"-";"0,159144157633029";"3"
"timeseries_stoch_spines";"lucas";"KModel_04";"pilot_runs";"Cost_Act";"-";"ELERNWINDOFF8";"2045";"REG1";"2025";"-";"2,45592243402841";"3"
"timeseries_stoch_spines";"lucas";"KModel_04";"pilot_runs";"Cost_Act";"-";"ELERNWINDOFF8";"2040";"REG1";"2025";"-";"2,38757563538065";"3"
"timeseries_stoch_spines";"lucas";"KModel_04";"pilot_runs";"Cost_Act";"-";"ELERNWINDOFF8";"2035";"REG1";"2025";"-";"2,35001080088132";"3"
"timeseries_stoch_spines";"lucas";"KModel_04";"pilot_runs";"Cost_Act";"-";"ELERNWINDOFF8";"2030";"REG1";"2025";"-";"2,81585581791183";"3"
"timeseries_stoch_spines";"lucas";"KModel_04";"pilot_runs";"Cost_Act";"-";"ELERNWINDOFF8";"2045";"REG1";"2030";"-";"0,720971239695364";"2"
"timeseries_stoch_spines";"lucas";"KModel_04";"pilot_runs";"Cost_Act";"-";"ELERNWINDOFF8";"2040";"REG1";"2030";"-";"0,721019006725961";"2"
"timeseries_stoch_spines";"lucas";"KModel_04";"pilot_runs";"Cost_Act";"-";"ELERNWINDOFF8";"2035";"REG1";"2030";"-";"0,743299268855617";"2"
"timeseries_stoch_spines";"lucas";"KModel_04";"pilot_runs";"Cost_Act";"-";"ELERNWINDOFF8";"2030";"REG1";"2030";"-";"0,159144104647199";"2"
"timeseries_stoch_spines";"lucas";"KModel_04";"pilot_runs";"Cost_Act";"-";"ELERNWINDOFF8";"2045";"REG1";"2025";"-";"2,25402876030464";"2"
"timeseries_stoch_spines";"lucas";"KModel_04";"pilot_runs";"Cost_Act";"-";"ELERNWINDOFF8";"2040";"REG1";"2025";"-";"2,25398099327405";"2"
"timeseries_stoch_spines";"lucas";"KModel_04";"pilot_runs";"Cost_Act";"-";"ELERNWINDOFF8";"2035";"REG1";"2025";"-";"2,2317007311444";"2"
"timeseries_stoch_spines";"lucas";"KModel_04";"pilot_runs";"Cost_Act";"-";"ELERNWINDOFF8";"2030";"REG1";"2025";"-";"2,58053176184444";"2"
"timeseries_stoch_spines";"lucas";"KModel_04";"pilot_runs";"Cost_Act";"-";"ELERNWINDOFF8";"2045";"REG1";"2030";"-";"0,649713555493874";"1"
"timeseries_stoch_spines";"lucas";"KModel_04";"pilot_runs";"Cost_Act";"-";"ELERNWINDOFF8";"2040";"REG1";"2030";"-";"0,581205081794579";"1"
"timeseries_stoch_spines";"lucas";"KModel_04";"pilot_runs";"Cost_Act";"-";"ELERNWINDOFF8";"2035";"REG1";"2030";"-";"0,637949529599976";"1"
"timeseries_stoch_spines";"lucas";"KModel_04";"pilot_runs";"Cost_Act";"-";"ELERNWINDOFF8";"2030";"REG1";"2030";"-";"0,159144125026166";"1"
"timeseries_stoch_spines";"lucas";"KModel_04";"pilot_runs";"Cost_Act";"-";"ELERNWINDOFF8";"2045";"REG1";"2025";"-";"2,32528641392253";"1"
"timeseries_stoch_spines";"lucas";"KModel_04";"pilot_runs";"Cost_Act";"-";"ELERNWINDOFF8";"2040";"REG1";"2025";"-";"2,39379489666752";"1"
"timeseries_stoch_spines";"lucas";"KModel_04";"pilot_runs";"Cost_Act";"-";"ELERNWINDOFF8";"2035";"REG1";"2025";"-";"2,33705047040002";"1"
"timeseries_stoch_spines";"lucas";"KModel_04";"pilot_runs";"Cost_Act";"-";"ELERNWINDOFF8";"2030";"REG1";"2025";"-";"2,80441873552799";"1"
"timeseries_stoch_spines";"lucas";"KModel_04";"pilot_runs";"Cost_Act";"-";"ELERNWINDOFF30";"2035";"REG1";"2030";"-";"1,33015539966366E-07";"3"
"timeseries_stoch_spines";"lucas";"KModel_04";"pilot_runs";"Cost_Act";"-";"ELERNWINDOFF30";"2035";"REG1";"2022";"-";"-1,93604246638767E-07";"2"
"timeseries_stoch_spines";"lucas";"KModel_04";"pilot_runs";"Cost_Act";"-";"ELERNWINDOFF30";"2040";"REG1";"2022";"-";"-7,64823447224838E-07";"1"
"timeseries_stoch_spines";"lucas";"KModel_04";"pilot_runs";"Cost_Act";"-";"ELERNWINDOFF30";"2030";"REG1";"2022";"-";"-4,23426904259033E-07";"1"
"timeseries_stoch_stochastic";"lucas";"KModel_04";"pilot_runs";"Cost_Flo";"ELC";"IMPELC-DKW";"2045";"REG1";"2045";"-";"52,7550594922424";"9"
"timeseries_stoch_stochastic";"lucas";"KModel_04";"pilot_runs";"Cost_Flo";"ELC_PRIS";"EXPELC-DKW";"2045";"REG1";"2045";"-";"-178,089355273979";"9"
"timeseries_stoch_stochastic";"lucas";"KModel_04";"pilot_runs";"Cost_Flo";"ELC";"IMPELC-DKW";"2040";"REG1";"2040";"-";"56,9647836059314";"9"
"timeseries_stoch_stochastic";"lucas";"KModel_04";"pilot_runs";"Cost_Flo";"ELC_PRIS";"EXPELC-DKW";"2040";"REG1";"2040";"-";"-184,181976545938";"9"
"timeseries_stoch_stochastic";"lucas";"KModel_04";"pilot_runs";"Cost_Flo";"ELC";"IMPELC-DKW";"2035";"REG1";"2035";"-";"49,3347616282507";"9"
"timeseries_stoch_stochastic";"lucas";"KModel_04";"pilot_runs";"Cost_Flo";"ELC_PRIS";"EXPELC-DKW";"2035";"REG1";"2035";"-";"-157,470655735343";"9"
"timeseries_stoch_stochastic";"lucas";"KModel_04";"pilot_runs";"Cost_Flo";"ELC";"IMPELC-DKW";"2030";"REG1";"2030";"-";"76,087164935713";"9"
"timeseries_stoch_stochastic";"lucas";"KModel_04";"pilot_runs";"Cost_Flo";"ELC_PRIS";"EXPELC-DKW";"2030";"REG1";"2030";"-";"-132,505945666249";"9"
"timeseries_stoch_stochastic";"lucas";"KModel_04";"pilot_runs";"Cost_Flo";"ELC";"IMPELC-DKW";"2045";"REG1";"2045";"-";"87,2853684767914";"8"
"timeseries_stoch_stochastic";"lucas";"KModel_04";"pilot_runs";"Cost_Flo";"ELC_PRIS";"EXPELC-DKW";"2045";"REG1";"2045";"-";"-178,089355273979";"8"
"timeseries_stoch_stochastic";"lucas";"KModel_04";"pilot_runs";"Cost_Flo";"ELC";"IMPELC-DKW";"2040";"REG1";"2040";"-";"92,7883954252527";"8"
"timeseries_stoch_stochastic";"lucas";"KModel_04";"pilot_runs";"Cost_Flo";"ELC_PRIS";"EXPELC-DKW";"2040";"REG1";"2040";"-";"-184,181976545938";"8"
"timeseries_stoch_stochastic";"lucas";"KModel_04";"pilot_runs";"Cost_Flo";"ELC";"IMPELC-DKW";"2035";"REG1";"2035";"-";"69,076971139688";"8"
"timeseries_stoch_stochastic";"lucas";"KModel_04";"pilot_runs";"Cost_Flo";"ELC_PRIS";"EXPELC-DKW";"2035";"REG1";"2035";"-";"-157,470655735343";"8"
"timeseries_stoch_stochastic";"lucas";"KModel_04";"pilot_runs";"Cost_Flo";"ELC";"IMPELC-DKW";"2030";"REG1";"2030";"-";"63,5250454710217";"8"
"timeseries_stoch_stochastic";"lucas";"KModel_04";"pilot_runs";"Cost_Flo";"ELC_PRIS";"EXPELC-DKW";"2030";"REG1";"2030";"-";"-132,505945666249";"8"
"timeseries_stoch_stochastic";"lucas";"KModel_04";"pilot_runs";"Cost_Flo";"ELC";"IMPELC-DKW";"2045";"REG1";"2045";"-";"58,1097114269378";"7"
"timeseries_stoch_stochastic";"lucas";"KModel_04";"pilot_runs";"Cost_Flo";"ELC_PRIS";"EXPELC-DKW";"2045";"REG1";"2045";"-";"-178,089355273979";"7"
"timeseries_stoch_stochastic";"lucas";"KModel_04";"pilot_runs";"Cost_Flo";"ELC";"IMPELC-DKW";"2040";"REG1";"2040";"-";"62,8539826362539";"7"
"timeseries_stoch_stochastic";"lucas";"KModel_04";"pilot_runs";"Cost_Flo";"ELC_PRIS";"EXPELC-DKW";"2040";"REG1";"2040";"-";"-184,181976545938";"7"
"timeseries_stoch_stochastic";"lucas";"KModel_04";"pilot_runs";"Cost_Flo";"ELC";"IMPELC-DKW";"2035";"REG1";"2035";"-";"65,8702124824202";"7"
"timeseries_stoch_stochastic";"lucas";"KModel_04";"pilot_runs";"Cost_Flo";"ELC_PRIS";"EXPELC-DKW";"2035";"REG1";"2035";"-";"-157,470655735343";"7"
"timeseries_stoch_stochastic";"lucas";"KModel_04";"pilot_runs";"Cost_Flo";"ELC";"IMPELC-DKW";"2030";"REG1";"2030";"-";"91,8868642307557";"7"
"timeseries_stoch_stochastic";"lucas";"KModel_04";"pilot_runs";"Cost_Flo";"ELC_PRIS";"EXPELC-DKW";"2030";"REG1";"2030";"-";"-132,505945666249";"7"
"timeseries_stoch_stochastic";"lucas";"KModel_04";"pilot_runs";"Cost_Flo";"ELC";"IMPELC-DKW";"2045";"REG1";"2045";"-";"54,9144268333886";"6"
"timeseries_stoch_stochastic";"lucas";"KModel_04";"pilot_runs";"Cost_Flo";"ELC_PRIS";"EXPELC-DKW";"2045";"REG1";"2045";"-";"-178,089355273979";"6"
"timeseries_stoch_stochastic";"lucas";"KModel_04";"pilot_runs";"Cost_Flo";"ELC";"IMPELC-DKW";"2040";"REG1";"2040";"-";"58,9846772465732";"6"
"timeseries_stoch_stochastic";"lucas";"KModel_04";"pilot_runs";"Cost_Flo";"ELC_PRIS";"EXPELC-DKW";"2040";"REG1";"2040";"-";"-184,181976545938";"6"
"timeseries_stoch_stochastic";"lucas";"KModel_04";"pilot_runs";"Cost_Flo";"ELC";"IMPELC-DKW";"2035";"REG1";"2035";"-";"51,3698320230965";"6"
"timeseries_stoch_stochastic";"lucas";"KModel_04";"pilot_runs";"Cost_Flo";"ELC_PRIS";"EXPELC-DKW";"2035";"REG1";"2035";"-";"-157,470655735343";"6"
"timeseries_stoch_stochastic";"lucas";"KModel_04";"pilot_runs";"Cost_Flo";"ELC";"IMPELC-DKW";"2030";"REG1";"2030";"-";"84,4118754690195";"6"
"timeseries_stoch_stochastic";"lucas";"KModel_04";"pilot_runs";"Cost_Flo";"ELC_PRIS";"EXPELC-DKW";"2030";"REG1";"2030";"-";"-132,505945666249";"6"
"timeseries_stoch_stochastic";"lucas";"KModel_04";"pilot_runs";"Cost_Flo";"ELC";"IMPELC-DKW";"2045";"REG1";"2045";"-";"86,2557149287313";"5"
"timeseries_stoch_stochastic";"lucas";"KModel_04";"pilot_runs";"Cost_Flo";"ELC_PRIS";"EXPELC-DKW";"2045";"REG1";"2045";"-";"-178,089355273979";"5"
"timeseries_stoch_stochastic";"lucas";"KModel_04";"pilot_runs";"Cost_Flo";"ELC";"IMPELC-DKW";"2040";"REG1";"2040";"-";"91,1322235105259";"5"
"timeseries_stoch_stochastic";"lucas";"KModel_04";"pilot_runs";"Cost_Flo";"ELC_PRIS";"EXPELC-DKW";"2040";"REG1";"2040";"-";"-184,181976545938";"5"
"timeseries_stoch_stochastic";"lucas";"KModel_04";"pilot_runs";"Cost_Flo";"ELC";"IMPELC-DKW";"2035";"REG1";"2035";"-";"66,6203925623539";"5"
"timeseries_stoch_stochastic";"lucas";"KModel_04";"pilot_runs";"Cost_Flo";"ELC_PRIS";"EXPELC-DKW";"2035";"REG1";"2035";"-";"-157,470655735343";"5"
"timeseries_stoch_stochastic";"lucas";"KModel_04";"pilot_runs";"Cost_Flo";"ELC";"IMPELC-DKW";"2030";"REG1";"2030";"-";"72,9377300673371";"5"
"timeseries_stoch_stochastic";"lucas";"KModel_04";"pilot_runs";"Cost_Flo";"ELC_PRIS";"EXPELC-DKW";"2030";"REG1";"2030";"-";"-132,505945666249";"5"
"timeseries_stoch_stochastic";"lucas";"KModel_04";"pilot_runs";"Cost_Flo";"ELC";"IMPELC-DKW";"2045";"REG1";"2045";"-";"60,060813485629";"4"
"timeseries_stoch_stochastic";"lucas";"KModel_04";"pilot_runs";"Cost_Flo";"ELC_PRIS";"EXPELC-DKW";"2045";"REG1";"2045";"-";"-178,089355273979";"4"
"timeseries_stoch_stochastic";"lucas";"KModel_04";"pilot_runs";"Cost_Flo";"ELC";"IMPELC-DKW";"2040";"REG1";"2040";"-";"64,820013685573";"4"
"timeseries_stoch_stochastic";"lucas";"KModel_04";"pilot_runs";"Cost_Flo";"ELC_PRIS";"EXPELC-DKW";"2040";"REG1";"2040";"-";"-184,181976545938";"4"
"timeseries_stoch_stochastic";"lucas";"KModel_04";"pilot_runs";"Cost_Flo";"ELC";"IMPELC-DKW";"2035";"REG1";"2035";"-";"67,5955202323835";"4"
"timeseries_stoch_stochastic";"lucas";"KModel_04";"pilot_runs";"Cost_Flo";"ELC_PRIS";"EXPELC-DKW";"2035";"REG1";"2035";"-";"-157,470655735343";"4"
"timeseries_stoch_stochastic";"lucas";"KModel_04";"pilot_runs";"Cost_Flo";"ELC";"IMPELC-DKW";"2030";"REG1";"2030";"-";"95,6542906479705";"4"
"timeseries_stoch_stochastic";"lucas";"KModel_04";"pilot_runs";"Cost_Flo";"ELC_PRIS";"EXPELC-DKW";"2030";"REG1";"2030";"-";"-132,505945666249";"4"
"timeseries_stoch_stochastic";"lucas";"KModel_04";"pilot_runs";"Cost_Flo";"ELC";"IMPELC-DKW";"2045";"REG1";"2045";"-";"56,6520676685004";"3"
"timeseries_stoch_stochastic";"lucas";"KModel_04";"pilot_runs";"Cost_Flo";"ELC_PRIS";"EXPELC-DKW";"2045";"REG1";"2045";"-";"-178,089355273979";"3"
"timeseries_stoch_stochastic";"lucas";"KModel_04";"pilot_runs";"Cost_Flo";"ELC";"IMPELC-DKW";"2040";"REG1";"2040";"-";"61,0342722786474";"3"
"timeseries_stoch_stochastic";"lucas";"KModel_04";"pilot_runs";"Cost_Flo";"ELC_PRIS";"EXPELC-DKW";"2040";"REG1";"2040";"-";"-184,181976545938";"3"
"timeseries_stoch_stochastic";"lucas";"KModel_04";"pilot_runs";"Cost_Flo";"ELC";"IMPELC-DKW";"2035";"REG1";"2035";"-";"53,2937952916657";"3"
"timeseries_stoch_stochastic";"lucas";"KModel_04";"pilot_runs";"Cost_Flo";"ELC_PRIS";"EXPELC-DKW";"2035";"REG1";"2035";"-";"-157,470655735343";"3"
"timeseries_stoch_stochastic";"lucas";"KModel_04";"pilot_runs";"Cost_Flo";"ELC";"IMPELC-DKW";"2030";"REG1";"2030";"-";"87,0198628465185";"3"
"timeseries_stoch_stochastic";"lucas";"KModel_04";"pilot_runs";"Cost_Flo";"ELC_PRIS";"EXPELC-DKW";"2030";"REG1";"2030";"-";"-132,505945666249";"3"
"timeseries_stoch_stochastic";"lucas";"KModel_04";"pilot_runs";"Cost_Flo";"ELC";"IMPELC-DKW";"2045";"REG1";"2045";"-";"89,1342336994588";"2"
"timeseries_stoch_stochastic";"lucas";"KModel_04";"pilot_runs";"Cost_Flo";"ELC_PRIS";"EXPELC-DKW";"2045";"REG1";"2045";"-";"-178,089355273979";"2"
"timeseries_stoch_stochastic";"lucas";"KModel_04";"pilot_runs";"Cost_Flo";"ELC";"IMPELC-DKW";"2040";"REG1";"2040";"-";"95,9662950990525";"2"
"timeseries_stoch_stochastic";"lucas";"KModel_04";"pilot_runs";"Cost_Flo";"ELC_PRIS";"EXPELC-DKW";"2040";"REG1";"2040";"-";"-184,181976545938";"2"
"timeseries_stoch_stochastic";"lucas";"KModel_04";"pilot_runs";"Cost_Flo";"ELC";"IMPELC-DKW";"2035";"REG1";"2035";"-";"72,8802139882302";"2"
"timeseries_stoch_stochastic";"lucas";"KModel_04";"pilot_runs";"Cost_Flo";"ELC_PRIS";"EXPELC-DKW";"2035";"REG1";"2035";"-";"-157,470655735343";"2"
"timeseries_stoch_stochastic";"lucas";"KModel_04";"pilot_runs";"Cost_Flo";"ELC";"IMPELC-DKW";"2030";"REG1";"2030";"-";"71,9581130525714";"2"
"timeseries_stoch_stochastic";"lucas";"KModel_04";"pilot_runs";"Cost_Flo";"ELC_PRIS";"EXPELC-DKW";"2030";"REG1";"2030";"-";"-132,505945666249";"2"
"timeseries_stoch_stochastic";"lucas";"KModel_04";"pilot_runs";"Cost_Flo";"ELC";"IMPELC-DKW";"2045";"REG1";"2045";"-";"61,8492858325486";"1"
"timeseries_stoch_stochastic";"lucas";"KModel_04";"pilot_runs";"Cost_Flo";"ELC_PRIS";"EXPELC-DKW";"2045";"REG1";"2045";"-";"-178,089355273979";"1"
"timeseries_stoch_stochastic";"lucas";"KModel_04";"pilot_runs";"Cost_Flo";"ELC";"IMPELC-DKW";"2040";"REG1";"2040";"-";"66,9311344235527";"1"
"timeseries_stoch_stochastic";"lucas";"KModel_04";"pilot_runs";"Cost_Flo";"ELC_PRIS";"EXPELC-DKW";"2040";"REG1";"2040";"-";"-184,181976545938";"1"
"timeseries_stoch_stochastic";"lucas";"KModel_04";"pilot_runs";"Cost_Flo";"ELC";"IMPELC-DKW";"2035";"REG1";"2035";"-";"69,9006953771078";"1"
"timeseries_stoch_stochastic";"lucas";"KModel_04";"pilot_runs";"Cost_Flo";"ELC_PRIS";"EXPELC-DKW";"2035";"REG1";"2035";"-";"-157,470655735343";"1"
"timeseries_stoch_stochastic";"lucas";"KModel_04";"pilot_runs";"Cost_Flo";"ELC";"IMPELC-DKW";"2030";"REG1";"2030";"-";"98,6709790634553";"1"
"timeseries_stoch_stochastic";"lucas";"KModel_04";"pilot_runs";"Cost_Flo";"ELC_PRIS";"EXPELC-DKW";"2030";"REG1";"2030";"-";"-132,505945666249";"1"
"timeseries_stoch_stochastic";"lucas";"KModel_04";"pilot_runs";"Cost_Act";"-";"IMPELC-DKW";"2045";"REG1";"2045";"-";"3,32110568079544";"9"
"timeseries_stoch_stochastic";"lucas";"KModel_04";"pilot_runs";"Cost_Act";"-";"IMPELC-DKW";"2040";"REG1";"2040";"-";"3,05351276777215";"9"
"timeseries_stoch_stochastic";"lucas";"KModel_04";"pilot_runs";"Cost_Act";"-";"ELERNWINDOFF30";"2040";"REG1";"2035";"-";"-2,36595919867884E-07";"9"
"timeseries_stoch_stochastic";"lucas";"KModel_04";"pilot_runs";"Cost_Act";"-";"IMPELC-DKW";"2035";"REG1";"2035";"-";"2,70296731684334";"9"
"timeseries_stoch_stochastic";"lucas";"KModel_04";"pilot_runs";"Cost_Act";"-";"ELERNWINDON";"2045";"REG1";"2030";"-";"2,7943868968241";"9"
"timeseries_stoch_stochastic";"lucas";"KModel_04";"pilot_runs";"Cost_Act";"-";"ELERNWINDOFF8";"2045";"REG1";"2030";"-";"2,97500000000001";"9"
"timeseries_stoch_stochastic";"lucas";"KModel_04";"pilot_runs";"Cost_Act";"-";"ELERNWINDON";"2040";"REG1";"2030";"-";"2,51974667417276";"9"
"timeseries_stoch_stochastic";"lucas";"KModel_04";"pilot_runs";"Cost_Act";"-";"ELERNWINDOFF8";"2040";"REG1";"2030";"-";"2,95226124591573";"9"
"timeseries_stoch_stochastic";"lucas";"KModel_04";"pilot_runs";"Cost_Act";"-";"ELERNWINDON";"2035";"REG1";"2030";"-";"2,49729730199566";"9"
"timeseries_stoch_stochastic";"lucas";"KModel_04";"pilot_runs";"Cost_Act";"-";"ELERNWINDOFF8";"2035";"REG1";"2030";"-";"2,76112280610922";"9"
"timeseries_stoch_stochastic";"lucas";"KModel_04";"pilot_runs";"Cost_Act";"-";"ELERNWINDON";"2030";"REG1";"2030";"-";"2,54297024623533";"9"
"timeseries_stoch_stochastic";"lucas";"KModel_04";"pilot_runs";"Cost_Act";"-";"ELERNWINDOFF8";"2030";"REG1";"2030";"-";"0,597039115535512";"9"
"timeseries_stoch_stochastic";"lucas";"KModel_04";"pilot_runs";"Cost_Act";"-";"IMPELC-DKW";"2030";"REG1";"2030";"-";"4,69930336218582";"9"
"timeseries_stoch_stochastic";"lucas";"KModel_04";"pilot_runs";"Cost_Act";"-";"ELERNWINDOFF30";"2040";"REG1";"2022";"-";"-7,58451851095268E-08";"9"
"timeseries_stoch_stochastic";"lucas";"KModel_04";"pilot_runs";"Cost_Act";"-";"IMPELC-DKW";"2045";"REG1";"2045";"-";"3,63539977850788";"8"
"timeseries_stoch_stochastic";"lucas";"KModel_04";"pilot_runs";"Cost_Act";"-";"IMPELC-DKW";"2040";"REG1";"2040";"-";"3,26264968487966";"8"
"timeseries_stoch_stochastic";"lucas";"KModel_04";"pilot_runs";"Cost_Act";"-";"ELERNWINDOFF8";"2040";"REG1";"2035";"-";"1,53326274073657E-07";"8"
"timeseries_stoch_stochastic";"lucas";"KModel_04";"pilot_runs";"Cost_Act";"-";"IMPELC-DKW";"2035";"REG1";"2035";"-";"2,8256555586435";"8"
"timeseries_stoch_stochastic";"lucas";"KModel_04";"pilot_runs";"Cost_Act";"-";"ELERNWINDON";"2045";"REG1";"2030";"-";"5,06780710610043";"8"
"timeseries_stoch_stochastic";"lucas";"KModel_04";"pilot_runs";"Cost_Act";"-";"ELERNWINDON";"2040";"REG1";"2030";"-";"4,88479611919561";"8"
"timeseries_stoch_stochastic";"lucas";"KModel_04";"pilot_runs";"Cost_Act";"-";"ELERNWINDON";"2035";"REG1";"2030";"-";"4,76070217289757";"8"
"timeseries_stoch_stochastic";"lucas";"KModel_04";"pilot_runs";"Cost_Act";"-";"ELERNWINDON";"2030";"REG1";"2030";"-";"4,04926383602548";"8"
"timeseries_stoch_stochastic";"lucas";"KModel_04";"pilot_runs";"Cost_Act";"-";"IMPELC-DKW";"2030";"REG1";"2030";"-";"3,52777363730062";"8"
"timeseries_stoch_stochastic";"lucas";"KModel_04";"pilot_runs";"Cost_Act";"-";"IMPELC-DKW";"2045";"REG1";"2045";"-";"3,38562419716938";"7"
"timeseries_stoch_stochastic";"lucas";"KModel_04";"pilot_runs";"Cost_Act";"-";"IMPELC-DKW";"2040";"REG1";"2040";"-";"3,10625324843755";"7"
"timeseries_stoch_stochastic";"lucas";"KModel_04";"pilot_runs";"Cost_Act";"-";"ELERNWINDOFF20";"2045";"REG1";"2035";"-";"-1,71684145290035E-07";"7"
"timeseries_stoch_stochastic";"lucas";"KModel_04";"pilot_runs";"Cost_Act";"-";"IMPELC-DKW";"2035";"REG1";"2035";"-";"2,72990924654292";"7"
"timeseries_stoch_stochastic";"lucas";"KModel_04";"pilot_runs";"Cost_Act";"-";"ELERNWINDON";"2045";"REG1";"2030";"-";"2,15333838659615";"7"
"timeseries_stoch_stochastic";"lucas";"KModel_04";"pilot_runs";"Cost_Act";"-";"ELERNWINDOFF8";"2045";"REG1";"2030";"-";"2,97499999999999";"7"
"timeseries_stoch_stochastic";"lucas";"KModel_04";"pilot_runs";"Cost_Act";"-";"ELERNWINDON";"2040";"REG1";"2030";"-";"1,88197212211504";"7"
"timeseries_stoch_stochastic";"lucas";"KModel_04";"pilot_runs";"Cost_Act";"-";"ELERNWINDOFF8";"2040";"REG1";"2030";"-";"2,975";"7"
"timeseries_stoch_stochastic";"lucas";"KModel_04";"pilot_runs";"Cost_Act";"-";"ELERNWINDON";"2035";"REG1";"2030";"-";"1,8846456572336";"7"
"timeseries_stoch_stochastic";"lucas";"KModel_04";"pilot_runs";"Cost_Act";"-";"ELERNWINDOFF8";"2035";"REG1";"2030";"-";"2,78489055216615";"7"
"timeseries_stoch_stochastic";"lucas";"KModel_04";"pilot_runs";"Cost_Act";"-";"ELERNWINDON";"2030";"REG1";"2030";"-";"1,85519285939716";"7"
"timeseries_stoch_stochastic";"lucas";"KModel_04";"pilot_runs";"Cost_Act";"-";"ELERNWINDOFF8";"2030";"REG1";"2030";"-";"0,600519388314895";"7"
"timeseries_stoch_stochastic";"lucas";"KModel_04";"pilot_runs";"Cost_Act";"-";"IMPELC-DKW";"2030";"REG1";"2030";"-";"4,69296390779834";"7"
"timeseries_stoch_stochastic";"lucas";"KModel_04";"pilot_runs";"Cost_Act";"-";"ELERNWINDOFF30";"2040";"REG1";"2025";"-";"2,05222603513741E-07";"7"
"timeseries_stoch_stochastic";"lucas";"KModel_04";"pilot_runs";"Cost_Act";"-";"ELERNWINDOFF30";"2040";"REG1";"2022";"-";"-6,61537821565823E-08";"7"
"timeseries_stoch_stochastic";"lucas";"KModel_04";"pilot_runs";"Cost_Act";"-";"ELERNWINDOFF20";"2040";"REG1";"2022";"-";"-1,1854372218587E-06";"7"
"timeseries_stoch_stochastic";"lucas";"KModel_04";"pilot_runs";"Cost_Act";"-";"ELERNWINDOFF20";"2035";"REG1";"2022";"-";"-5,91934493705969E-07";"7"
"timeseries_stoch_stochastic";"lucas";"KModel_04";"pilot_runs";"Cost_Act";"-";"IMPELC-DKW";"2045";"REG1";"2045";"-";"3,47683530312746";"6"
"timeseries_stoch_stochastic";"lucas";"KModel_04";"pilot_runs";"Cost_Act";"-";"ELERNWINDON";"2040";"REG1";"2040";"-";"3,2948008929631E-08";"6"
"timeseries_stoch_stochastic";"lucas";"KModel_04";"pilot_runs";"Cost_Act";"-";"IMPELC-DKW";"2040";"REG1";"2040";"-";"3,19779244346413";"6"
"timeseries_stoch_stochastic";"lucas";"KModel_04";"pilot_runs";"Cost_Act";"-";"ELERNWINDOFF20";"2045";"REG1";"2035";"-";"-5,75604907101444E-08";"6"
"timeseries_stoch_stochastic";"lucas";"KModel_04";"pilot_runs";"Cost_Act";"-";"IMPELC-DKW";"2035";"REG1";"2035";"-";"2,81765282437946";"6"
"timeseries_stoch_stochastic";"lucas";"KModel_04";"pilot_runs";"Cost_Act";"-";"ELERNWINDON";"2045";"REG1";"2030";"-";"2,63993336391226";"6"
"timeseries_stoch_stochastic";"lucas";"KModel_04";"pilot_runs";"Cost_Act";"-";"ELERNWINDOFF8";"2045";"REG1";"2030";"-";"2,97500000000002";"6"
"timeseries_stoch_stochastic";"lucas";"KModel_04";"pilot_runs";"Cost_Act";"-";"ELERNWINDON";"2040";"REG1";"2030";"-";"2,35489783568887";"6"
"timeseries_stoch_stochastic";"lucas";"KModel_04";"pilot_runs";"Cost_Act";"-";"ELERNWINDOFF8";"2040";"REG1";"2030";"-";"2,975";"6"
"timeseries_stoch_stochastic";"lucas";"KModel_04";"pilot_runs";"Cost_Act";"-";"ELERNWINDON";"2035";"REG1";"2030";"-";"2,21226382806983";"6"
"timeseries_stoch_stochastic";"lucas";"KModel_04";"pilot_runs";"Cost_Act";"-";"ELERNWINDOFF8";"2035";"REG1";"2030";"-";"2,975";"6"
"timeseries_stoch_stochastic";"lucas";"KModel_04";"pilot_runs";"Cost_Act";"-";"ELERNWINDOFF30";"2035";"REG1";"2030";"-";"2,71680938497056E-07";"6"
"timeseries_stoch_stochastic";"lucas";"KModel_04";"pilot_runs";"Cost_Act";"-";"ELERNWINDON";"2030";"REG1";"2030";"-";"1,60891763260964";"6"
"timeseries_stoch_stochastic";"lucas";"KModel_04";"pilot_runs";"Cost_Act";"-";"ELERNWINDOFF8";"2030";"REG1";"2030";"-";"0,761040815759876";"6"
"timeseries_stoch_stochastic";"lucas";"KModel_04";"pilot_runs";"Cost_Act";"-";"IMPELC-DKW";"2030";"REG1";"2030";"-";"5,38965895833395";"6"
"timeseries_stoch_stochastic";"lucas";"KModel_04";"pilot_runs";"Cost_Act";"-";"ELERNWINDOFF20";"2045";"REG1";"2025";"-";"-1,70051585813063E-07";"6"
"timeseries_stoch_stochastic";"lucas";"KModel_04";"pilot_runs";"Cost_Act";"-";"IMPELC-DKW";"2045";"REG1";"2045";"-";"3,58311199693325";"5"
"timeseries_stoch_stochastic";"lucas";"KModel_04";"pilot_runs";"Cost_Act";"-";"IMPELC-DKW";"2040";"REG1";"2040";"-";"3,17941285442042";"5"
"timeseries_stoch_stochastic";"lucas";"KModel_04";"pilot_runs";"Cost_Act";"-";"IMPELC-DKW";"2035";"REG1";"2035";"-";"2,68698148365758";"5"
"timeseries_stoch_stochastic";"lucas";"KModel_04";"pilot_runs";"Cost_Act";"-";"ELERNWINDON";"2045";"REG1";"2030";"-";"3,45610954455919";"5"
"timeseries_stoch_stochastic";"lucas";"KModel_04";"pilot_runs";"Cost_Act";"-";"ELERNWINDOFF8";"2045";"REG1";"2030";"-";"1,86662062894425";"5"
"timeseries_stoch_stochastic";"lucas";"KModel_04";"pilot_runs";"Cost_Act";"-";"ELERNWINDON";"2040";"REG1";"2030";"-";"3,26560217369013";"5"
"timeseries_stoch_stochastic";"lucas";"KModel_04";"pilot_runs";"Cost_Act";"-";"ELERNWINDOFF8";"2040";"REG1";"2030";"-";"1,90074051739147";"5"
"timeseries_stoch_stochastic";"lucas";"KModel_04";"pilot_runs";"Cost_Act";"-";"ELERNWINDON";"2035";"REG1";"2030";"-";"3,14363331193834";"5"
"timeseries_stoch_stochastic";"lucas";"KModel_04";"pilot_runs";"Cost_Act";"-";"ELERNWINDOFF8";"2035";"REG1";"2030";"-";"1,95418417830233";"5"
"timeseries_stoch_stochastic";"lucas";"KModel_04";"pilot_runs";"Cost_Act";"-";"ELERNWINDOFF30";"2035";"REG1";"2030";"-";"1,81136697067938E-07";"5"
"timeseries_stoch_stochastic";"lucas";"KModel_04";"pilot_runs";"Cost_Act";"-";"ELERNWINDON";"2030";"REG1";"2030";"-";"3,18208175739842";"5"
"timeseries_stoch_stochastic";"lucas";"KModel_04";"pilot_runs";"Cost_Act";"-";"ELERNWINDOFF8";"2030";"REG1";"2030";"-";"0,439349755561771";"5"
"timeseries_stoch_stochastic";"lucas";"KModel_04";"pilot_runs";"Cost_Act";"-";"IMPELC-DKW";"2030";"REG1";"2030";"-";"4,16809307369597";"5"
"timeseries_stoch_stochastic";"lucas";"KModel_04";"pilot_runs";"Cost_Act";"-";"IMPELC-DKW";"2045";"REG1";"2045";"-";"3,54215420132322";"4"
"timeseries_stoch_stochastic";"lucas";"KModel_04";"pilot_runs";"Cost_Act";"-";"IMPELC-DKW";"2040";"REG1";"2040";"-";"3,26415399298934";"4"
"timeseries_stoch_stochastic";"lucas";"KModel_04";"pilot_runs";"Cost_Act";"-";"IMPELC-DKW";"2035";"REG1";"2035";"-";"2,86015905753859";"4"
"timeseries_stoch_stochastic";"lucas";"KModel_04";"pilot_runs";"Cost_Act";"-";"ELERNWINDON";"2045";"REG1";"2030";"-";"2,05801108074105";"4"
"timeseries_stoch_stochastic";"lucas";"KModel_04";"pilot_runs";"Cost_Act";"-";"ELERNWINDOFF8";"2045";"REG1";"2030";"-";"2,97499999999999";"4"
"timeseries_stoch_stochastic";"lucas";"KModel_04";"pilot_runs";"Cost_Act";"-";"ELERNWINDON";"2040";"REG1";"2030";"-";"1,78176527172134";"4"
"timeseries_stoch_stochastic";"lucas";"KModel_04";"pilot_runs";"Cost_Act";"-";"ELERNWINDOFF8";"2040";"REG1";"2030";"-";"2,97499941078584";"4"
"timeseries_stoch_stochastic";"lucas";"KModel_04";"pilot_runs";"Cost_Act";"-";"ELERNWINDON";"2035";"REG1";"2030";"-";"1,62299713707418";"4"
"timeseries_stoch_stochastic";"lucas";"KModel_04";"pilot_runs";"Cost_Act";"-";"ELERNWINDOFF8";"2035";"REG1";"2030";"-";"2,975";"4"
"timeseries_stoch_stochastic";"lucas";"KModel_04";"pilot_runs";"Cost_Act";"-";"ELERNWINDON";"2030";"REG1";"2030";"-";"1,19513923090654";"4"
"timeseries_stoch_stochastic";"lucas";"KModel_04";"pilot_runs";"Cost_Act";"-";"ELERNWINDOFF8";"2030";"REG1";"2030";"-";"0,723866637931564";"4"
"timeseries_stoch_stochastic";"lucas";"KModel_04";"pilot_runs";"Cost_Act";"-";"IMPELC-DKW";"2030";"REG1";"2030";"-";"5,29988265107305";"4"
"timeseries_stoch_stochastic";"lucas";"KModel_04";"pilot_runs";"Cost_Act";"-";"ELERNWINDOFF30";"2035";"REG1";"2025";"-";"1,59689664845319E-07";"4"
"timeseries_stoch_stochastic";"lucas";"KModel_04";"pilot_runs";"Cost_Act";"-";"ELERNWINDOFF8";"2040";"REG1";"2022";"-";"5,89214160022678E-07";"4"
"timeseries_stoch_stochastic";"lucas";"KModel_04";"pilot_runs";"Cost_Act";"-";"IMPELC-DKW";"2045";"REG1";"2045";"-";"3,67386976352019";"3"
"timeseries_stoch_stochastic";"lucas";"KModel_04";"pilot_runs";"Cost_Act";"-";"IMPELC-DKW";"2040";"REG1";"2040";"-";"3,37924668813694";"3"
"timeseries_stoch_stochastic";"lucas";"KModel_04";"pilot_runs";"Cost_Act";"-";"IMPELC-DKW";"2035";"REG1";"2035";"-";"2,98600968480593";"3"
"timeseries_stoch_stochastic";"lucas";"KModel_04";"pilot_runs";"Cost_Act";"-";"ELERNWINDON";"2045";"REG1";"2030";"-";"3,30427335767395";"3"
"timeseries_stoch_stochastic";"lucas";"KModel_04";"pilot_runs";"Cost_Act";"-";"ELERNWINDOFF8";"2045";"REG1";"2030";"-";"2,975";"3"
"timeseries_stoch_stochastic";"lucas";"KModel_04";"pilot_runs";"Cost_Act";"-";"ELERNWINDON";"2040";"REG1";"2030";"-";"3,05987481738001";"3"
"timeseries_stoch_stochastic";"lucas";"KModel_04";"pilot_runs";"Cost_Act";"-";"ELERNWINDOFF8";"2040";"REG1";"2030";"-";"2,97499999999999";"3"
"timeseries_stoch_stochastic";"lucas";"KModel_04";"pilot_runs";"Cost_Act";"-";"ELERNWINDON";"2035";"REG1";"2030";"-";"2,93282696292226";"3"
"timeseries_stoch_stochastic";"lucas";"KModel_04";"pilot_runs";"Cost_Act";"-";"ELERNWINDOFF8";"2035";"REG1";"2030";"-";"2,97499999999999";"3"
"timeseries_stoch_stochastic";"lucas";"KModel_04";"pilot_runs";"Cost_Act";"-";"ELERNWINDOFF20";"2035";"REG1";"2030";"-";"-1,28976632546247E-07";"3"
"timeseries_stoch_stochastic";"lucas";"KModel_04";"pilot_runs";"Cost_Act";"-";"ELERNWINDON";"2030";"REG1";"2030";"-";"1,74083150148448";"3"
"timeseries_stoch_stochastic";"lucas";"KModel_04";"pilot_runs";"Cost_Act";"-";"ELERNWINDOFF8";"2030";"REG1";"2030";"-";"0,73403770410349";"3"
"timeseries_stoch_stochastic";"lucas";"KModel_04";"pilot_runs";"Cost_Act";"-";"IMPELC-DKW";"2030";"REG1";"2030";"-";"5,91131375326876";"3"
"timeseries_stoch_stochastic";"lucas";"KModel_04";"pilot_runs";"Cost_Act";"-";"IMPELC-DKW";"2045";"REG1";"2045";"-";"3,75343552530582";"2"
"timeseries_stoch_stochastic";"lucas";"KModel_04";"pilot_runs";"Cost_Act";"-";"IMPELC-DKW";"2040";"REG1";"2040";"-";"3,46202709786182";"2"
"timeseries_stoch_stochastic";"lucas";"KModel_04";"pilot_runs";"Cost_Act";"-";"IMPELC-DKW";"2035";"REG1";"2035";"-";"3,06680341083839";"2"
"timeseries_stoch_stochastic";"lucas";"KModel_04";"pilot_runs";"Cost_Act";"-";"ELERNWINDON";"2045";"REG1";"2030";"-";"4,27867613819645";"2"
"timeseries_stoch_stochastic";"lucas";"KModel_04";"pilot_runs";"Cost_Act";"-";"ELERNWINDOFF8";"2045";"REG1";"2030";"-";"0,750067448685739";"2"
"timeseries_stoch_stochastic";"lucas";"KModel_04";"pilot_runs";"Cost_Act";"-";"ELERNWINDON";"2040";"REG1";"2030";"-";"4,34799875523131";"2"
"timeseries_stoch_stochastic";"lucas";"KModel_04";"pilot_runs";"Cost_Act";"-";"ELERNWINDOFF8";"2040";"REG1";"2030";"-";"0,791494384739742";"2"
"timeseries_stoch_stochastic";"lucas";"KModel_04";"pilot_runs";"Cost_Act";"-";"ELERNWINDON";"2035";"REG1";"2030";"-";"4,76031040681524";"2"
"timeseries_stoch_stochastic";"lucas";"KModel_04";"pilot_runs";"Cost_Act";"-";"ELERNWINDOFF8";"2035";"REG1";"2030";"-";"0,676413983960484";"2"
"timeseries_stoch_stochastic";"lucas";"KModel_04";"pilot_runs";"Cost_Act";"-";"ELERNWINDON";"2030";"REG1";"2030";"-";"3,85594687944399";"2"
"timeseries_stoch_stochastic";"lucas";"KModel_04";"pilot_runs";"Cost_Act";"-";"ELERNWINDOFF8";"2030";"REG1";"2030";"-";"0,175823023884536";"2"
"timeseries_stoch_stochastic";"lucas";"KModel_04";"pilot_runs";"Cost_Act";"-";"IMPELC-DKW";"2030";"REG1";"2030";"-";"4,3547006393925";"2"
"timeseries_stoch_stochastic";"lucas";"KModel_04";"pilot_runs";"Cost_Act";"-";"IMPELC-DKW";"2045";"REG1";"2045";"-";"3,70766328866334";"1"
"timeseries_stoch_stochastic";"lucas";"KModel_04";"pilot_runs";"Cost_Act";"-";"IMPELC-DKW";"2040";"REG1";"2040";"-";"3,42174686769231";"1"
"timeseries_stoch_stochastic";"lucas";"KModel_04";"pilot_runs";"Cost_Act";"-";"IMPELC-DKW";"2035";"REG1";"2035";"-";"2,99752384322854";"1"
"timeseries_stoch_stochastic";"lucas";"KModel_04";"pilot_runs";"Cost_Act";"-";"ELERNWINDON";"2045";"REG1";"2030";"-";"2,35034839144261";"1"
"timeseries_stoch_stochastic";"lucas";"KModel_04";"pilot_runs";"Cost_Act";"-";"ELERNWINDOFF8";"2045";"REG1";"2030";"-";"2,975";"1"
"timeseries_stoch_stochastic";"lucas";"KModel_04";"pilot_runs";"Cost_Act";"-";"ELERNWINDOFF30";"2045";"REG1";"2030";"-";"-1,17800440911777E-07";"1"
"timeseries_stoch_stochastic";"lucas";"KModel_04";"pilot_runs";"Cost_Act";"-";"ELERNWINDON";"2040";"REG1";"2030";"-";"2,09558885119474";"1"
"timeseries_stoch_stochastic";"lucas";"KModel_04";"pilot_runs";"Cost_Act";"-";"ELERNWINDOFF8";"2040";"REG1";"2030";"-";"2,97499999999999";"1"
"timeseries_stoch_stochastic";"lucas";"KModel_04";"pilot_runs";"Cost_Act";"-";"ELERNWINDON";"2035";"REG1";"2030";"-";"2,00541425030668";"1"
"timeseries_stoch_stochastic";"lucas";"KModel_04";"pilot_runs";"Cost_Act";"-";"ELERNWINDOFF8";"2035";"REG1";"2030";"-";"2,975";"1"
"timeseries_stoch_stochastic";"lucas";"KModel_04";"pilot_runs";"Cost_Act";"-";"ELERNWINDON";"2030";"REG1";"2030";"-";"1,24943203391906";"1"
"timeseries_stoch_stochastic";"lucas";"KModel_04";"pilot_runs";"Cost_Act";"-";"ELERNWINDOFF8";"2030";"REG1";"2030";"-";"0,703195991428344";"1"
"timeseries_stoch_stochastic";"lucas";"KModel_04";"pilot_runs";"Cost_Act";"-";"IMPELC-DKW";"2030";"REG1";"2030";"-";"5,74512240194106";"1"
"timeseries_stoch_stochastic";"lucas";"KModel_04";"pilot_runs";"Cost_Fom";"-";"ELERNWSUN01";"2045";"REG1";"2030";"-";"2,67804434311405";"9"
"timeseries_stoch_stochastic";"lucas";"KModel_04";"pilot_runs";"Cost_Fom";"-";"ELERNWINDON";"2045";"REG1";"2030";"-";"10,2616598947763";"9"
"timeseries_stoch_stochastic";"lucas";"KModel_04";"pilot_runs";"Cost_Fom";"-";"ELERNWINDOFF8";"2045";"REG1";"2030";"-";"10,0301327261706";"9"
"timeseries_stoch_stochastic";"lucas";"KModel_04";"pilot_runs";"Cost_Fom";"-";"ELERNWSUN01";"2040";"REG1";"2030";"-";"2,67804434311405";"9"
"timeseries_stoch_stochastic";"lucas";"KModel_04";"pilot_runs";"Cost_Fom";"-";"ELERNWINDON";"2040";"REG1";"2030";"-";"10,2616598947763";"9"
"timeseries_stoch_stochastic";"lucas";"KModel_04";"pilot_runs";"Cost_Fom";"-";"ELERNWINDOFF8";"2040";"REG1";"2030";"-";"10,0301327261706";"9"
"timeseries_stoch_stochastic";"lucas";"KModel_04";"pilot_runs";"Cost_Fom";"-";"ELERNWSUN01";"2035";"REG1";"2030";"-";"2,67804434311405";"9"
"timeseries_stoch_stochastic";"lucas";"KModel_04";"pilot_runs";"Cost_Fom";"-";"ELERNWINDON";"2035";"REG1";"2030";"-";"10,2616598947763";"9"
"timeseries_stoch_stochastic";"lucas";"KModel_04";"pilot_runs";"Cost_Fom";"-";"ELERNWINDOFF8";"2035";"REG1";"2030";"-";"10,0301327261706";"9"
"timeseries_stoch_stochastic";"lucas";"KModel_04";"pilot_runs";"Cost_Fom";"-";"ELERNWSUN01";"2030";"REG1";"2030";"-";"2,67804434311405";"9"
"timeseries_stoch_stochastic";"lucas";"KModel_04";"pilot_runs";"Cost_Fom";"-";"ELERNWINDON";"2030";"REG1";"2030";"-";"10,2616598947763";"9"
"timeseries_stoch_stochastic";"lucas";"KModel_04";"pilot_runs";"Cost_Fom";"-";"ELERNWSUN01";"2045";"REG1";"2030";"-";"3,08794533242489";"8"
"timeseries_stoch_stochastic";"lucas";"KModel_04";"pilot_runs";"Cost_Fom";"-";"ELERNWINDON";"2045";"REG1";"2030";"-";"17,460711019478";"8"
"timeseries_stoch_stochastic";"lucas";"KModel_04";"pilot_runs";"Cost_Fom";"-";"ELERNWSUN01";"2040";"REG1";"2030";"-";"3,08794533242489";"8"
"timeseries_stoch_stochastic";"lucas";"KModel_04";"pilot_runs";"Cost_Fom";"-";"ELERNWINDON";"2040";"REG1";"2030";"-";"17,460711019478";"8"
"timeseries_stoch_stochastic";"lucas";"KModel_04";"pilot_runs";"Cost_Fom";"-";"ELERNWSUN01";"2035";"REG1";"2030";"-";"3,08794533242489";"8"
"timeseries_stoch_stochastic";"lucas";"KModel_04";"pilot_runs";"Cost_Fom";"-";"ELERNWINDON";"2035";"REG1";"2030";"-";"17,460711019478";"8"
"timeseries_stoch_stochastic";"lucas";"KModel_04";"pilot_runs";"Cost_Fom";"-";"ELERNWSUN01";"2030";"REG1";"2030";"-";"3,08794533242489";"8"
"timeseries_stoch_stochastic";"lucas";"KModel_04";"pilot_runs";"Cost_Fom";"-";"ELERNWINDON";"2030";"REG1";"2030";"-";"17,460711019478";"8"
"timeseries_stoch_stochastic";"lucas";"KModel_04";"pilot_runs";"Cost_Fom";"-";"ELERNWSUN01";"2045";"REG1";"2030";"-";"3,26292015378611";"7"
"timeseries_stoch_stochastic";"lucas";"KModel_04";"pilot_runs";"Cost_Fom";"-";"ELERNWINDON";"2045";"REG1";"2030";"-";"6,79327219774209";"7"
"timeseries_stoch_stochastic";"lucas";"KModel_04";"pilot_runs";"Cost_Fom";"-";"ELERNWINDOFF8";"2045";"REG1";"2030";"-";"10,0886004359317";"7"
"timeseries_stoch_stochastic";"lucas";"KModel_04";"pilot_runs";"Cost_Fom";"-";"ELERNWSUN01";"2040";"REG1";"2030";"-";"3,26292015378611";"7"
"timeseries_stoch_stochastic";"lucas";"KModel_04";"pilot_runs";"Cost_Fom";"-";"ELERNWINDON";"2040";"REG1";"2030";"-";"6,79327219774209";"7"
"timeseries_stoch_stochastic";"lucas";"KModel_04";"pilot_runs";"Cost_Fom";"-";"ELERNWINDOFF8";"2040";"REG1";"2030";"-";"10,0886004359317";"7"
"timeseries_stoch_stochastic";"lucas";"KModel_04";"pilot_runs";"Cost_Fom";"-";"ELERNWSUN01";"2035";"REG1";"2030";"-";"3,26292015378611";"7"
"timeseries_stoch_stochastic";"lucas";"KModel_04";"pilot_runs";"Cost_Fom";"-";"ELERNWINDON";"2035";"REG1";"2030";"-";"6,79327219774209";"7"
"timeseries_stoch_stochastic";"lucas";"KModel_04";"pilot_runs";"Cost_Fom";"-";"ELERNWINDOFF8";"2035";"REG1";"2030";"-";"10,0886004359317";"7"
"timeseries_stoch_stochastic";"lucas";"KModel_04";"pilot_runs";"Cost_Fom";"-";"ELERNWSUN01";"2030";"REG1";"2030";"-";"3,26292015378611";"7"
"timeseries_stoch_stochastic";"lucas";"KModel_04";"pilot_runs";"Cost_Fom";"-";"ELERNWINDON";"2030";"REG1";"2030";"-";"6,79327219774209";"7"
"timeseries_stoch_stochastic";"lucas";"KModel_04";"pilot_runs";"Cost_Fom";"-";"ELERNWSUN01";"2045";"REG1";"2030";"-";"2,63453020720139";"6"
"timeseries_stoch_stochastic";"lucas";"KModel_04";"pilot_runs";"Cost_Fom";"-";"ELERNWINDON";"2045";"REG1";"2030";"-";"6,49082097096206";"6"
"timeseries_stoch_stochastic";"lucas";"KModel_04";"pilot_runs";"Cost_Fom";"-";"ELERNWINDOFF8";"2045";"REG1";"2030";"-";"12,7853269270481";"6"
"timeseries_stoch_stochastic";"lucas";"KModel_04";"pilot_runs";"Cost_Fom";"-";"ELERNWSUN01";"2040";"REG1";"2030";"-";"2,63453020720139";"6"
"timeseries_stoch_stochastic";"lucas";"KModel_04";"pilot_runs";"Cost_Fom";"-";"ELERNWINDON";"2040";"REG1";"2030";"-";"6,49082097096206";"6"
"timeseries_stoch_stochastic";"lucas";"KModel_04";"pilot_runs";"Cost_Fom";"-";"ELERNWINDOFF8";"2040";"REG1";"2030";"-";"12,7853269270481";"6"
"timeseries_stoch_stochastic";"lucas";"KModel_04";"pilot_runs";"Cost_Fom";"-";"ELERNWSUN01";"2035";"REG1";"2030";"-";"2,63453020720139";"6"
"timeseries_stoch_stochastic";"lucas";"KModel_04";"pilot_runs";"Cost_Fom";"-";"ELERNWINDON";"2035";"REG1";"2030";"-";"6,49082097096206";"6"
"timeseries_stoch_stochastic";"lucas";"KModel_04";"pilot_runs";"Cost_Fom";"-";"ELERNWINDOFF8";"2035";"REG1";"2030";"-";"12,7853269270481";"6"
"timeseries_stoch_stochastic";"lucas";"KModel_04";"pilot_runs";"Cost_Fom";"-";"ELERNWSUN01";"2030";"REG1";"2030";"-";"2,63453020720139";"6"
"timeseries_stoch_stochastic";"lucas";"KModel_04";"pilot_runs";"Cost_Fom";"-";"ELERNWINDON";"2030";"REG1";"2030";"-";"6,49082097096206";"6"
"timeseries_stoch_stochastic";"lucas";"KModel_04";"pilot_runs";"Cost_Fom";"-";"ELERNWSUN01";"2045";"REG1";"2030";"-";"2,80545990324936";"5"
"timeseries_stoch_stochastic";"lucas";"KModel_04";"pilot_runs";"Cost_Fom";"-";"ELERNWINDON";"2045";"REG1";"2030";"-";"11,7117829923103";"5"
"timeseries_stoch_stochastic";"lucas";"KModel_04";"pilot_runs";"Cost_Fom";"-";"ELERNWINDOFF8";"2045";"REG1";"2030";"-";"7,38098593218286";"5"
"timeseries_stoch_stochastic";"lucas";"KModel_04";"pilot_runs";"Cost_Fom";"-";"ELERNWSUN01";"2040";"REG1";"2030";"-";"2,80545990324936";"5"
"timeseries_stoch_stochastic";"lucas";"KModel_04";"pilot_runs";"Cost_Fom";"-";"ELERNWINDON";"2040";"REG1";"2030";"-";"11,7117829923103";"5"
"timeseries_stoch_stochastic";"lucas";"KModel_04";"pilot_runs";"Cost_Fom";"-";"ELERNWINDOFF8";"2040";"REG1";"2030";"-";"7,38098593218286";"5"
"timeseries_stoch_stochastic";"lucas";"KModel_04";"pilot_runs";"Cost_Fom";"-";"ELERNWSUN01";"2035";"REG1";"2030";"-";"2,80545990324936";"5"
"timeseries_stoch_stochastic";"lucas";"KModel_04";"pilot_runs";"Cost_Fom";"-";"ELERNWINDON";"2035";"REG1";"2030";"-";"11,7117829923103";"5"
"timeseries_stoch_stochastic";"lucas";"KModel_04";"pilot_runs";"Cost_Fom";"-";"ELERNWINDOFF8";"2035";"REG1";"2030";"-";"7,38098593218286";"5"
"timeseries_stoch_stochastic";"lucas";"KModel_04";"pilot_runs";"Cost_Fom";"-";"ELERNWSUN01";"2030";"REG1";"2030";"-";"2,80545990324936";"5"
"timeseries_stoch_stochastic";"lucas";"KModel_04";"pilot_runs";"Cost_Fom";"-";"ELERNWINDON";"2030";"REG1";"2030";"-";"11,7117829923103";"5"
"timeseries_stoch_stochastic";"lucas";"KModel_04";"pilot_runs";"Cost_Fom";"-";"ELERNWSUN01";"2045";"REG1";"2030";"-";"3,10607746956511";"4"
"timeseries_stoch_stochastic";"lucas";"KModel_04";"pilot_runs";"Cost_Fom";"-";"ELERNWINDON";"2045";"REG1";"2030";"-";"4,37631379865619";"4"
"timeseries_stoch_stochastic";"lucas";"KModel_04";"pilot_runs";"Cost_Fom";"-";"ELERNWINDOFF8";"2045";"REG1";"2030";"-";"12,1608084952677";"4"
"timeseries_stoch_stochastic";"lucas";"KModel_04";"pilot_runs";"Cost_Fom";"-";"ELERNWSUN01";"2040";"REG1";"2030";"-";"3,10607746956511";"4"
"timeseries_stoch_stochastic";"lucas";"KModel_04";"pilot_runs";"Cost_Fom";"-";"ELERNWINDON";"2040";"REG1";"2030";"-";"4,37631379865619";"4"
"timeseries_stoch_stochastic";"lucas";"KModel_04";"pilot_runs";"Cost_Fom";"-";"ELERNWINDOFF8";"2040";"REG1";"2030";"-";"12,1608084952677";"4"
"timeseries_stoch_stochastic";"lucas";"KModel_04";"pilot_runs";"Cost_Fom";"-";"ELERNWSUN01";"2035";"REG1";"2030";"-";"3,10607746956511";"4"
"timeseries_stoch_stochastic";"lucas";"KModel_04";"pilot_runs";"Cost_Fom";"-";"ELERNWINDON";"2035";"REG1";"2030";"-";"4,37631379865619";"4"
"timeseries_stoch_stochastic";"lucas";"KModel_04";"pilot_runs";"Cost_Fom";"-";"ELERNWINDOFF8";"2035";"REG1";"2030";"-";"12,1608084952677";"4"
"timeseries_stoch_stochastic";"lucas";"KModel_04";"pilot_runs";"Cost_Fom";"-";"ELERNWSUN01";"2030";"REG1";"2030";"-";"3,10607746956511";"4"
"timeseries_stoch_stochastic";"lucas";"KModel_04";"pilot_runs";"Cost_Fom";"-";"ELERNWINDON";"2030";"REG1";"2030";"-";"4,37631379865619";"4"
"timeseries_stoch_stochastic";"lucas";"KModel_04";"pilot_runs";"Cost_Fom";"-";"ELERNWSUN01";"2045";"REG1";"2030";"-";"2,02104732362497";"3"
"timeseries_stoch_stochastic";"lucas";"KModel_04";"pilot_runs";"Cost_Fom";"-";"ELERNWINDON";"2045";"REG1";"2030";"-";"7,02299818693597";"3"
"timeseries_stoch_stochastic";"lucas";"KModel_04";"pilot_runs";"Cost_Fom";"-";"ELERNWINDOFF8";"2045";"REG1";"2030";"-";"12,3316802849429";"3"
"timeseries_stoch_stochastic";"lucas";"KModel_04";"pilot_runs";"Cost_Fom";"-";"ELERNWSUN01";"2040";"REG1";"2030";"-";"2,02104732362497";"3"
"timeseries_stoch_stochastic";"lucas";"KModel_04";"pilot_runs";"Cost_Fom";"-";"ELERNWINDON";"2040";"REG1";"2030";"-";"7,02299818693597";"3"
"timeseries_stoch_stochastic";"lucas";"KModel_04";"pilot_runs";"Cost_Fom";"-";"ELERNWINDOFF8";"2040";"REG1";"2030";"-";"12,3316802849429";"3"
"timeseries_stoch_stochastic";"lucas";"KModel_04";"pilot_runs";"Cost_Fom";"-";"ELERNWSUN01";"2035";"REG1";"2030";"-";"2,02104732362497";"3"
"timeseries_stoch_stochastic";"lucas";"KModel_04";"pilot_runs";"Cost_Fom";"-";"ELERNWINDON";"2035";"REG1";"2030";"-";"7,02299818693597";"3"
"timeseries_stoch_stochastic";"lucas";"KModel_04";"pilot_runs";"Cost_Fom";"-";"ELERNWINDOFF8";"2035";"REG1";"2030";"-";"12,3316802849429";"3"
"timeseries_stoch_stochastic";"lucas";"KModel_04";"pilot_runs";"Cost_Fom";"-";"ELERNWSUN01";"2030";"REG1";"2030";"-";"2,02104732362497";"3"
"timeseries_stoch_stochastic";"lucas";"KModel_04";"pilot_runs";"Cost_Fom";"-";"ELERNWINDON";"2030";"REG1";"2030";"-";"7,02299818693597";"3"
"timeseries_stoch_stochastic";"lucas";"KModel_04";"pilot_runs";"Cost_Fom";"-";"ELERNWSUN01";"2045";"REG1";"2045";"-";"0,207515415783535";"2"
"timeseries_stoch_stochastic";"lucas";"KModel_04";"pilot_runs";"Cost_Fom";"-";"ELERNWSUN01";"2045";"REG1";"2040";"-";"0,356682949446229";"2"
"timeseries_stoch_stochastic";"lucas";"KModel_04";"pilot_runs";"Cost_Fom";"-";"ELERNWSUN01";"2040";"REG1";"2040";"-";"0,356682949446229";"2"
"timeseries_stoch_stochastic";"lucas";"KModel_04";"pilot_runs";"Cost_Fom";"-";"ELERNWSUN01";"2045";"REG1";"2030";"-";"2,27083383318";"2"
"timeseries_stoch_stochastic";"lucas";"KModel_04";"pilot_runs";"Cost_Fom";"-";"ELERNWINDON";"2045";"REG1";"2030";"-";"14,3503053298318";"2"
"timeseries_stoch_stochastic";"lucas";"KModel_04";"pilot_runs";"Cost_Fom";"-";"ELERNWINDOFF8";"2045";"REG1";"2030";"-";"2,95379155623442";"2"
"timeseries_stoch_stochastic";"lucas";"KModel_04";"pilot_runs";"Cost_Fom";"-";"ELERNWSUN01";"2040";"REG1";"2030";"-";"2,27083383318";"2"
"timeseries_stoch_stochastic";"lucas";"KModel_04";"pilot_runs";"Cost_Fom";"-";"ELERNWINDON";"2040";"REG1";"2030";"-";"14,3503053298318";"2"
"timeseries_stoch_stochastic";"lucas";"KModel_04";"pilot_runs";"Cost_Fom";"-";"ELERNWINDOFF8";"2040";"REG1";"2030";"-";"2,95379155623442";"2"
"timeseries_stoch_stochastic";"lucas";"KModel_04";"pilot_runs";"Cost_Fom";"-";"ELERNWSUN01";"2035";"REG1";"2030";"-";"2,27083383318";"2"
"timeseries_stoch_stochastic";"lucas";"KModel_04";"pilot_runs";"Cost_Fom";"-";"ELERNWINDON";"2035";"REG1";"2030";"-";"14,3503053298318";"2"
"timeseries_stoch_stochastic";"lucas";"KModel_04";"pilot_runs";"Cost_Fom";"-";"ELERNWINDOFF8";"2035";"REG1";"2030";"-";"2,95379155623442";"2"
"timeseries_stoch_stochastic";"lucas";"KModel_04";"pilot_runs";"Cost_Fom";"-";"ELERNWSUN01";"2030";"REG1";"2030";"-";"2,27083383318";"2"
"timeseries_stoch_stochastic";"lucas";"KModel_04";"pilot_runs";"Cost_Fom";"-";"ELERNWINDON";"2030";"REG1";"2030";"-";"14,3503053298318";"2"
"timeseries_stoch_stochastic";"lucas";"KModel_04";"pilot_runs";"Cost_Fom";"-";"ELERNWSUN01";"2045";"REG1";"2030";"-";"2,62973593487621";"1"
"timeseries_stoch_stochastic";"lucas";"KModel_04";"pilot_runs";"Cost_Fom";"-";"ELERNWINDON";"2045";"REG1";"2030";"-";"4,57512104792637";"1"
"timeseries_stoch_stochastic";"lucas";"KModel_04";"pilot_runs";"Cost_Fom";"-";"ELERNWINDOFF8";"2045";"REG1";"2030";"-";"11,8135459465789";"1"
"timeseries_stoch_stochastic";"lucas";"KModel_04";"pilot_runs";"Cost_Fom";"-";"ELERNWSUN01";"2040";"REG1";"2030";"-";"2,62973593487621";"1"
"timeseries_stoch_stochastic";"lucas";"KModel_04";"pilot_runs";"Cost_Fom";"-";"ELERNWINDON";"2040";"REG1";"2030";"-";"4,57512104792637";"1"
"timeseries_stoch_stochastic";"lucas";"KModel_04";"pilot_runs";"Cost_Fom";"-";"ELERNWINDOFF8";"2040";"REG1";"2030";"-";"11,8135459465789";"1"
"timeseries_stoch_stochastic";"lucas";"KModel_04";"pilot_runs";"Cost_Fom";"-";"ELERNWSUN01";"2035";"REG1";"2030";"-";"2,62973593487621";"1"
"timeseries_stoch_stochastic";"lucas";"KModel_04";"pilot_runs";"Cost_Fom";"-";"ELERNWINDON";"2035";"REG1";"2030";"-";"4,57512104792637";"1"
"timeseries_stoch_stochastic";"lucas";"KModel_04";"pilot_runs";"Cost_Fom";"-";"ELERNWINDOFF8";"2035";"REG1";"2030";"-";"11,8135459465789";"1"
"timeseries_stoch_stochastic";"lucas";"KModel_04";"pilot_runs";"Cost_Fom";"-";"ELERNWSUN01";"2030";"REG1";"2030";"-";"2,62973593487621";"1"
"timeseries_stoch_stochastic";"lucas";"KModel_04";"pilot_runs";"Cost_Fom";"-";"ELERNWINDON";"2030";"REG1";"2030";"-";"4,57512104792637";"1"
"timeseries_stoch_stochastic";"lucas";"KModel_04";"pilot_runs";"Cost_Inv";"-";"ELERNWSUN01";"2045";"REG1";"2030";"INV";"11,5765237921533";"9"
"timeseries_stoch_stochastic";"lucas";"KModel_04";"pilot_runs";"Cost_Inv";"-";"ELERNWINDON";"2045";"REG1";"2030";"INV";"17,9777098775009";"9"
"timeseries_stoch_stochastic";"lucas";"KModel_04";"pilot_runs";"Cost_Inv";"-";"ELERNWINDOFF8";"2045";"REG1";"2030";"INV";"14,5002930335564";"9"
"timeseries_stoch_stochastic";"lucas";"KModel_04";"pilot_runs";"Cost_Inv";"-";"ELERNWSUN01";"2040";"REG1";"2030";"INV";"11,5765237921533";"9"
"timeseries_stoch_stochastic";"lucas";"KModel_04";"pilot_runs";"Cost_Inv";"-";"ELERNWINDON";"2040";"REG1";"2030";"INV";"17,9777098775009";"9"
"timeseries_stoch_stochastic";"lucas";"KModel_04";"pilot_runs";"Cost_Inv";"-";"ELERNWINDOFF8";"2040";"REG1";"2030";"INV";"14,5002930335564";"9"
"timeseries_stoch_stochastic";"lucas";"KModel_04";"pilot_runs";"Cost_Inv";"-";"ELERNWSUN01";"2035";"REG1";"2030";"INV";"11,5765237921533";"9"
"timeseries_stoch_stochastic";"lucas";"KModel_04";"pilot_runs";"Cost_Inv";"-";"ELERNWINDON";"2035";"REG1";"2030";"INV";"17,9777098775009";"9"
"timeseries_stoch_stochastic";"lucas";"KModel_04";"pilot_runs";"Cost_Inv";"-";"ELERNWINDOFF8";"2035";"REG1";"2030";"INV";"14,5002930335564";"9"
"timeseries_stoch_stochastic";"lucas";"KModel_04";"pilot_runs";"Cost_Inv";"-";"ELERNWSUN01";"2030";"REG1";"2030";"INV";"11,5765237921533";"9"
"timeseries_stoch_stochastic";"lucas";"KModel_04";"pilot_runs";"Cost_Inv";"-";"ELERNWINDON";"2030";"REG1";"2030";"INV";"17,9777098775009";"9"
"timeseries_stoch_stochastic";"lucas";"KModel_04";"pilot_runs";"Cost_Inv";"-";"ELERNWSUN01";"2045";"REG1";"2030";"INV";"13,3484244581693";"8"
"timeseries_stoch_stochastic";"lucas";"KModel_04";"pilot_runs";"Cost_Inv";"-";"ELERNWINDON";"2045";"REG1";"2030";"INV";"30,5899435551212";"8"
"timeseries_stoch_stochastic";"lucas";"KModel_04";"pilot_runs";"Cost_Inv";"-";"ELERNWSUN01";"2040";"REG1";"2030";"INV";"13,3484244581693";"8"
"timeseries_stoch_stochastic";"lucas";"KModel_04";"pilot_runs";"Cost_Inv";"-";"ELERNWINDON";"2040";"REG1";"2030";"INV";"30,5899435551212";"8"
"timeseries_stoch_stochastic";"lucas";"KModel_04";"pilot_runs";"Cost_Inv";"-";"ELERNWSUN01";"2035";"REG1";"2030";"INV";"13,3484244581693";"8"
"timeseries_stoch_stochastic";"lucas";"KModel_04";"pilot_runs";"Cost_Inv";"-";"ELERNWINDON";"2035";"REG1";"2030";"INV";"30,5899435551212";"8"
"timeseries_stoch_stochastic";"lucas";"KModel_04";"pilot_runs";"Cost_Inv";"-";"ELERNWSUN01";"2030";"REG1";"2030";"INV";"13,3484244581693";"8"
"timeseries_stoch_stochastic";"lucas";"KModel_04";"pilot_runs";"Cost_Inv";"-";"ELERNWINDON";"2030";"REG1";"2030";"INV";"30,5899435551212";"8"
"timeseries_stoch_stochastic";"lucas";"KModel_04";"pilot_runs";"Cost_Inv";"-";"ELERNWSUN01";"2045";"REG1";"2030";"INV";"14,104797364288";"7"
"timeseries_stoch_stochastic";"lucas";"KModel_04";"pilot_runs";"Cost_Inv";"-";"ELERNWINDON";"2045";"REG1";"2030";"INV";"11,9013373998167";"7"
"timeseries_stoch_stochastic";"lucas";"KModel_04";"pilot_runs";"Cost_Inv";"-";"ELERNWINDOFF8";"2045";"REG1";"2030";"INV";"14,5848182285545";"7"
"timeseries_stoch_stochastic";"lucas";"KModel_04";"pilot_runs";"Cost_Inv";"-";"ELERNWSUN01";"2040";"REG1";"2030";"INV";"14,104797364288";"7"
"timeseries_stoch_stochastic";"lucas";"KModel_04";"pilot_runs";"Cost_Inv";"-";"ELERNWINDON";"2040";"REG1";"2030";"INV";"11,9013373998167";"7"
"timeseries_stoch_stochastic";"lucas";"KModel_04";"pilot_runs";"Cost_Inv";"-";"ELERNWINDOFF8";"2040";"REG1";"2030";"INV";"14,5848182285545";"7"
"timeseries_stoch_stochastic";"lucas";"KModel_04";"pilot_runs";"Cost_Inv";"-";"ELERNWSUN01";"2035";"REG1";"2030";"INV";"14,104797364288";"7"
"timeseries_stoch_stochastic";"lucas";"KModel_04";"pilot_runs";"Cost_Inv";"-";"ELERNWINDON";"2035";"REG1";"2030";"INV";"11,9013373998167";"7"
"timeseries_stoch_stochastic";"lucas";"KModel_04";"pilot_runs";"Cost_Inv";"-";"ELERNWINDOFF8";"2035";"REG1";"2030";"INV";"14,5848182285545";"7"
"timeseries_stoch_stochastic";"lucas";"KModel_04";"pilot_runs";"Cost_Inv";"-";"ELERNWSUN01";"2030";"REG1";"2030";"INV";"14,104797364288";"7"
"timeseries_stoch_stochastic";"lucas";"KModel_04";"pilot_runs";"Cost_Inv";"-";"ELERNWINDON";"2030";"REG1";"2030";"INV";"11,9013373998167";"7"
"timeseries_stoch_stochastic";"lucas";"KModel_04";"pilot_runs";"Cost_Inv";"-";"ELERNWSUN01";"2045";"REG1";"2030";"INV";"13,6611428102474";"6"
"timeseries_stoch_stochastic";"lucas";"KModel_04";"pilot_runs";"Cost_Inv";"-";"ELERNWINDON";"2045";"REG1";"2030";"INV";"13,6354638665204";"6"
"timeseries_stoch_stochastic";"lucas";"KModel_04";"pilot_runs";"Cost_Inv";"-";"ELERNWINDOFF8";"2045";"REG1";"2030";"INV";"19,1496729015919";"6"
"timeseries_stoch_stochastic";"lucas";"KModel_04";"pilot_runs";"Cost_Inv";"-";"ELERNWSUN01";"2040";"REG1";"2030";"INV";"13,6611428102474";"6"
"timeseries_stoch_stochastic";"lucas";"KModel_04";"pilot_runs";"Cost_Inv";"-";"ELERNWINDON";"2040";"REG1";"2030";"INV";"13,6354638665204";"6"
"timeseries_stoch_stochastic";"lucas";"KModel_04";"pilot_runs";"Cost_Inv";"-";"ELERNWINDOFF8";"2040";"REG1";"2030";"INV";"19,1496729015919";"6"
"timeseries_stoch_stochastic";"lucas";"KModel_04";"pilot_runs";"Cost_Inv";"-";"ELERNWSUN01";"2035";"REG1";"2030";"INV";"13,6611428102474";"6"
"timeseries_stoch_stochastic";"lucas";"KModel_04";"pilot_runs";"Cost_Inv";"-";"ELERNWINDON";"2035";"REG1";"2030";"INV";"13,6354638665204";"6"
"timeseries_stoch_stochastic";"lucas";"KModel_04";"pilot_runs";"Cost_Inv";"-";"ELERNWINDOFF8";"2035";"REG1";"2030";"INV";"19,1496729015919";"6"
"timeseries_stoch_stochastic";"lucas";"KModel_04";"pilot_runs";"Cost_Inv";"-";"ELERNWSUN01";"2030";"REG1";"2030";"INV";"13,6611428102474";"6"
"timeseries_stoch_stochastic";"lucas";"KModel_04";"pilot_runs";"Cost_Inv";"-";"ELERNWINDON";"2030";"REG1";"2030";"INV";"13,6354638665204";"6"
"timeseries_stoch_stochastic";"lucas";"KModel_04";"pilot_runs";"Cost_Inv";"-";"ELERNWSUN01";"2045";"REG1";"2030";"INV";"14,5474848919743";"5"
"timeseries_stoch_stochastic";"lucas";"KModel_04";"pilot_runs";"Cost_Inv";"-";"ELERNWINDON";"2045";"REG1";"2030";"INV";"24,6032966428445";"5"
"timeseries_stoch_stochastic";"lucas";"KModel_04";"pilot_runs";"Cost_Inv";"-";"ELERNWINDOFF8";"2045";"REG1";"2030";"INV";"11,0551311749043";"5"
"timeseries_stoch_stochastic";"lucas";"KModel_04";"pilot_runs";"Cost_Inv";"-";"ELERNWSUN01";"2040";"REG1";"2030";"INV";"14,5474848919743";"5"
"timeseries_stoch_stochastic";"lucas";"KModel_04";"pilot_runs";"Cost_Inv";"-";"ELERNWINDON";"2040";"REG1";"2030";"INV";"24,6032966428445";"5"
"timeseries_stoch_stochastic";"lucas";"KModel_04";"pilot_runs";"Cost_Inv";"-";"ELERNWINDOFF8";"2040";"REG1";"2030";"INV";"11,0551311749043";"5"
"timeseries_stoch_stochastic";"lucas";"KModel_04";"pilot_runs";"Cost_Inv";"-";"ELERNWSUN01";"2035";"REG1";"2030";"INV";"14,5474848919743";"5"
"timeseries_stoch_stochastic";"lucas";"KModel_04";"pilot_runs";"Cost_Inv";"-";"ELERNWINDON";"2035";"REG1";"2030";"INV";"24,6032966428445";"5"
"timeseries_stoch_stochastic";"lucas";"KModel_04";"pilot_runs";"Cost_Inv";"-";"ELERNWINDOFF8";"2035";"REG1";"2030";"INV";"11,0551311749043";"5"
"timeseries_stoch_stochastic";"lucas";"KModel_04";"pilot_runs";"Cost_Inv";"-";"ELERNWSUN01";"2030";"REG1";"2030";"INV";"14,5474848919743";"5"
"timeseries_stoch_stochastic";"lucas";"KModel_04";"pilot_runs";"Cost_Inv";"-";"ELERNWINDON";"2030";"REG1";"2030";"INV";"24,6032966428445";"5"
"timeseries_stoch_stochastic";"lucas";"KModel_04";"pilot_runs";"Cost_Inv";"-";"ELERNWSUN01";"2045";"REG1";"2030";"INV";"16,106312911286";"4"
"timeseries_stoch_stochastic";"lucas";"KModel_04";"pilot_runs";"Cost_Inv";"-";"ELERNWINDON";"2045";"REG1";"2030";"INV";"9,19345471660519";"4"
"timeseries_stoch_stochastic";"lucas";"KModel_04";"pilot_runs";"Cost_Inv";"-";"ELERNWINDOFF8";"2045";"REG1";"2030";"INV";"18,2142784640582";"4"
"timeseries_stoch_stochastic";"lucas";"KModel_04";"pilot_runs";"Cost_Inv";"-";"ELERNWSUN01";"2040";"REG1";"2030";"INV";"16,106312911286";"4"
"timeseries_stoch_stochastic";"lucas";"KModel_04";"pilot_runs";"Cost_Inv";"-";"ELERNWINDON";"2040";"REG1";"2030";"INV";"9,19345471660519";"4"
"timeseries_stoch_stochastic";"lucas";"KModel_04";"pilot_runs";"Cost_Inv";"-";"ELERNWINDOFF8";"2040";"REG1";"2030";"INV";"18,2142784640582";"4"
"timeseries_stoch_stochastic";"lucas";"KModel_04";"pilot_runs";"Cost_Inv";"-";"ELERNWSUN01";"2035";"REG1";"2030";"INV";"16,106312911286";"4"
"timeseries_stoch_stochastic";"lucas";"KModel_04";"pilot_runs";"Cost_Inv";"-";"ELERNWINDON";"2035";"REG1";"2030";"INV";"9,19345471660519";"4"
"timeseries_stoch_stochastic";"lucas";"KModel_04";"pilot_runs";"Cost_Inv";"-";"ELERNWINDOFF8";"2035";"REG1";"2030";"INV";"18,2142784640582";"4"
"timeseries_stoch_stochastic";"lucas";"KModel_04";"pilot_runs";"Cost_Inv";"-";"ELERNWSUN01";"2030";"REG1";"2030";"INV";"16,106312911286";"4"
"timeseries_stoch_stochastic";"lucas";"KModel_04";"pilot_runs";"Cost_Inv";"-";"ELERNWINDON";"2030";"REG1";"2030";"INV";"9,19345471660519";"4"
"timeseries_stoch_stochastic";"lucas";"KModel_04";"pilot_runs";"Cost_Inv";"-";"ELERNWSUN01";"2045";"REG1";"2030";"INV";"13,9756777742438";"3"
"timeseries_stoch_stochastic";"lucas";"KModel_04";"pilot_runs";"Cost_Inv";"-";"ELERNWINDON";"2045";"REG1";"2030";"INV";"15,1764671497823";"3"
"timeseries_stoch_stochastic";"lucas";"KModel_04";"pilot_runs";"Cost_Inv";"-";"ELERNWINDOFF8";"2045";"REG1";"2030";"INV";"19,8479828324408";"3"
"timeseries_stoch_stochastic";"lucas";"KModel_04";"pilot_runs";"Cost_Inv";"-";"ELERNWSUN01";"2040";"REG1";"2030";"INV";"13,9756777742438";"3"
"timeseries_stoch_stochastic";"lucas";"KModel_04";"pilot_runs";"Cost_Inv";"-";"ELERNWINDON";"2040";"REG1";"2030";"INV";"15,1764671497823";"3"
"timeseries_stoch_stochastic";"lucas";"KModel_04";"pilot_runs";"Cost_Inv";"-";"ELERNWINDOFF8";"2040";"REG1";"2030";"INV";"19,8479828324408";"3"
"timeseries_stoch_stochastic";"lucas";"KModel_04";"pilot_runs";"Cost_Inv";"-";"ELERNWSUN01";"2035";"REG1";"2030";"INV";"13,9756777742438";"3"
"timeseries_stoch_stochastic";"lucas";"KModel_04";"pilot_runs";"Cost_Inv";"-";"ELERNWINDON";"2035";"REG1";"2030";"INV";"15,1764671497823";"3"
"timeseries_stoch_stochastic";"lucas";"KModel_04";"pilot_runs";"Cost_Inv";"-";"ELERNWINDOFF8";"2035";"REG1";"2030";"INV";"19,8479828324408";"3"
"timeseries_stoch_stochastic";"lucas";"KModel_04";"pilot_runs";"Cost_Inv";"-";"ELERNWSUN01";"2030";"REG1";"2030";"INV";"13,9756777742438";"3"
"timeseries_stoch_stochastic";"lucas";"KModel_04";"pilot_runs";"Cost_Inv";"-";"ELERNWINDON";"2030";"REG1";"2030";"INV";"15,1764671497823";"3"
"timeseries_stoch_stochastic";"lucas";"KModel_04";"pilot_runs";"Cost_Inv";"-";"ELERNWSUN01";"2045";"REG1";"2045";"INV";"1,39339664653978";"2"
"timeseries_stoch_stochastic";"lucas";"KModel_04";"pilot_runs";"Cost_Inv";"-";"ELERNWSUN01";"2045";"REG1";"2040";"INV";"2,42807941751569";"2"
"timeseries_stoch_stochastic";"lucas";"KModel_04";"pilot_runs";"Cost_Inv";"-";"ELERNWSUN01";"2040";"REG1";"2040";"INV";"2,42807941751569";"2"
"timeseries_stoch_stochastic";"lucas";"KModel_04";"pilot_runs";"Cost_Inv";"-";"ELERNWSUN01";"2045";"REG1";"2030";"INV";"15,7029682384932";"2"
"timeseries_stoch_stochastic";"lucas";"KModel_04";"pilot_runs";"Cost_Inv";"-";"ELERNWINDON";"2045";"REG1";"2030";"INV";"31,0105359036915";"2"
"timeseries_stoch_stochastic";"lucas";"KModel_04";"pilot_runs";"Cost_Inv";"-";"ELERNWINDOFF8";"2045";"REG1";"2030";"INV";"4,75416186148883";"2"
"timeseries_stoch_stochastic";"lucas";"KModel_04";"pilot_runs";"Cost_Inv";"-";"ELERNWSUN01";"2040";"REG1";"2030";"INV";"15,7029682384932";"2"
"timeseries_stoch_stochastic";"lucas";"KModel_04";"pilot_runs";"Cost_Inv";"-";"ELERNWINDON";"2040";"REG1";"2030";"INV";"31,0105359036915";"2"
"timeseries_stoch_stochastic";"lucas";"KModel_04";"pilot_runs";"Cost_Inv";"-";"ELERNWINDOFF8";"2040";"REG1";"2030";"INV";"4,75416186148883";"2"
"timeseries_stoch_stochastic";"lucas";"KModel_04";"pilot_runs";"Cost_Inv";"-";"ELERNWSUN01";"2035";"REG1";"2030";"INV";"15,7029682384932";"2"
"timeseries_stoch_stochastic";"lucas";"KModel_04";"pilot_runs";"Cost_Inv";"-";"ELERNWINDON";"2035";"REG1";"2030";"INV";"31,0105359036915";"2"
"timeseries_stoch_stochastic";"lucas";"KModel_04";"pilot_runs";"Cost_Inv";"-";"ELERNWINDOFF8";"2035";"REG1";"2030";"INV";"4,75416186148883";"2"
"timeseries_stoch_stochastic";"lucas";"KModel_04";"pilot_runs";"Cost_Inv";"-";"ELERNWSUN01";"2030";"REG1";"2030";"INV";"15,7029682384932";"2"
"timeseries_stoch_stochastic";"lucas";"KModel_04";"pilot_runs";"Cost_Inv";"-";"ELERNWINDON";"2030";"REG1";"2030";"INV";"31,0105359036915";"2"
"timeseries_stoch_stochastic";"lucas";"KModel_04";"pilot_runs";"Cost_Inv";"-";"ELERNWSUN01";"2045";"REG1";"2030";"INV";"18,1848003396874";"1"
"timeseries_stoch_stochastic";"lucas";"KModel_04";"pilot_runs";"Cost_Inv";"-";"ELERNWINDON";"2045";"REG1";"2030";"INV";"9,88668549271339";"1"
"timeseries_stoch_stochastic";"lucas";"KModel_04";"pilot_runs";"Cost_Inv";"-";"ELERNWINDOFF8";"2045";"REG1";"2030";"INV";"19,0140395890934";"1"
"timeseries_stoch_stochastic";"lucas";"KModel_04";"pilot_runs";"Cost_Inv";"-";"ELERNWSUN01";"2040";"REG1";"2030";"INV";"18,1848003396874";"1"
"timeseries_stoch_stochastic";"lucas";"KModel_04";"pilot_runs";"Cost_Inv";"-";"ELERNWINDON";"2040";"REG1";"2030";"INV";"9,88668549271339";"1"
"timeseries_stoch_stochastic";"lucas";"KModel_04";"pilot_runs";"Cost_Inv";"-";"ELERNWINDOFF8";"2040";"REG1";"2030";"INV";"19,0140395890934";"1"
"timeseries_stoch_stochastic";"lucas";"KModel_04";"pilot_runs";"Cost_Inv";"-";"ELERNWSUN01";"2035";"REG1";"2030";"INV";"18,1848003396874";"1"
"timeseries_stoch_stochastic";"lucas";"KModel_04";"pilot_runs";"Cost_Inv";"-";"ELERNWINDON";"2035";"REG1";"2030";"INV";"9,88668549271339";"1"
"timeseries_stoch_stochastic";"lucas";"KModel_04";"pilot_runs";"Cost_Inv";"-";"ELERNWINDOFF8";"2035";"REG1";"2030";"INV";"19,0140395890934";"1"
"timeseries_stoch_stochastic";"lucas";"KModel_04";"pilot_runs";"Cost_Inv";"-";"ELERNWSUN01";"2030";"REG1";"2030";"INV";"18,1848003396874";"1"
"timeseries_stoch_stochastic";"lucas";"KModel_04";"pilot_runs";"Cost_Inv";"-";"ELERNWINDON";"2030";"REG1";"2030";"INV";"9,88668549271339";"1"
